Timestamp,symbol,Last,Change,Change%,MOM5%,Volume,Value(億JPY),Turnover%
2026-02-13 07:30:44,1301.T,5260.0,-30.0,-0.5671077504725899,3.7475345167652856,37100,1.95146,0
2026-02-13 07:30:44,1332.T,1538.0,-5.5,-0.35633300939423385,13.715341959334564,1731800,26.635084,0
2026-02-13 07:30:44,1333.T,1500.0,33.0,2.2494887525562373,4.748603351955307,849100,12.7365,0
2026-02-13 07:30:45,1376.T,1548.0,-7.0,-0.45016077170418006,3.062583222370173,16400,0.253872,0
2026-02-13 07:30:45,1379.T,2022.0,-50.0,-2.413127413127413,-0.3940886699507389,132900,2.687238,0
2026-02-13 07:30:45,1414.T,1394.0,0.0,0.0,-3.8289065194894794,2004200,27.938548,0
2026-02-13 07:30:45,1605.T,3473.0,-525.0,-13.131565782891446,-2.4712159505756808,18191100,631.776903,0
2026-02-13 07:30:46,1721.T,5303.0,-124.0,-2.28487193661323,7.283026502124216,964100,51.126223,0
2026-02-13 07:30:46,1801.T,17325.0,-1305.0,-7.004830917874397,2.6362559241706163,1350000,233.8875,0
2026-02-13 07:30:46,1802.T,4196.0,-131.0,-3.027501733302519,10.479199578725645,4146100,173.970356,0
2026-02-13 07:30:47,1803.T,3320.0,-140.0,-4.046242774566474,12.963593058863559,4697100,155.94372,0
2026-02-13 07:30:47,1812.T,7164.0,-448.0,-5.8854440357330535,8.168503699229957,4119900,295.149636,0
2026-02-13 07:30:47,1820.T,6376.0,-219.0,-3.3206974981046242,7.412398921832884,219300,13.982568,0
2026-02-13 07:30:51,1824.T,0.0,0.0,0.0,0.0,0,0.0,0
2026-02-13 07:30:51,1860.T,1529.5,-51.0,-3.226826953495729,7.901234567901234,2531100,38.7131745,0
2026-02-13 07:30:52,1861.T,1990.0,-24.0,-1.1916583912611718,8.981380065717415,1950300,38.81097,0
2026-02-13 07:30:52,1867.T,3095.0,-165.0,-5.061349693251533,0.3241491085899514,23100,0.714945,0
2026-02-13 07:30:52,1878.T,3511.0,-16.0,-0.4536433229373405,7.370030581039755,1833200,64.363652,0
2026-02-13 07:30:56,1881.T,0.0,0.0,0.0,0.0,0,0.0,0
2026-02-13 07:30:56,1893.T,2112.5,-110.0,-4.949381327334083,23.141941125036432,6480600,136.902675,0
2026-02-13 07:30:57,1911.T,1785.5,-42.5,-2.324945295404814,3.6273940800928615,5273600,94.160128,0
2026-02-13 07:30:57,1925.T,5589.0,-121.0,-2.119089316987741,3.3086876155268024,3687300,206.083197,0
2026-02-13 07:30:57,1926.T,3915.0,-90.0,-2.247191011235955,9.663865546218489,287700,11.263455,0
2026-02-13 07:30:58,1928.T,3742.0,-20.0,-0.531632110579479,6.731317741015403,2832500,105.99215,0
2026-02-13 07:30:58,1942.T,6342.0,-66.0,-1.0299625468164793,10.238136624369893,1967000,124.74714,0
2026-02-13 07:30:58,1944.T,8033.0,-324.0,-3.876989350245303,15.782646295762467,915600,73.550148,0
2026-02-13 07:30:58,1945.T,1858.0,-105.0,-5.348955680081509,-0.800854244527496,324500,6.02921,0
2026-02-13 07:30:59,1951.T,2775.0,-33.0,-1.1752136752136753,6.730769230769231,770100,21.370275,0
2026-02-13 07:30:59,1959.T,9157.0,-222.0,-2.3669900842307285,5.059660394676458,341200,31.243684,0
2026-02-13 07:30:59,1963.T,2350.0,-46.0,-1.9198664440734556,3.455866167730574,2900800,68.1688,0
2026-02-13 07:31:00,1969.T,5149.0,-534.0,-9.39644553932782,10.46985625402274,2192600,112.896974,0
2026-02-13 07:31:03,1973.T,0.0,0.0,0.0,0.0,0,0.0,0
2026-02-13 07:31:04,2002.T,2145.0,-7.5,-0.34843205574912894,4.736328125,1311300,28.127385,0
2026-02-13 07:31:04,2127.T,694.7999877929688,-14.70001220703125,-2.0718833272771318,-5.802601573972279,3957300,27.49531991693115,0
2026-02-13 07:31:04,2130.T,1192.0,-8.0,-0.6666666666666667,-9.969788519637463,92200,1.099024,0
2026-02-13 07:31:04,2138.T,572.0,-39.0,-6.382978723404255,-2.7210884353741496,38100,0.217932,0
2026-02-13 07:31:05,2146.T,201.0,-9.0,-4.285714285714286,-4.285714285714286,9431900,18.958119,0
2026-02-13 07:31:05,2154.T,1891.0,-46.0,-2.374806401652039,0.21197668256491786,241400,4.564874,0
2026-02-13 07:31:05,2169.T,1836.0,4.0,0.21834061135371177,0.21834061135371177,3000,0.05508,0
2026-02-13 07:31:05,2181.T,259.5,-8.600006103515625,-3.207760502696554,-3.3159441501019167,12002900,31.1475255,0
2026-02-13 07:31:06,2183.T,310.0,-7.0,-2.2082018927444795,0.9771986970684038,76700,0.23777,0
2026-02-13 07:31:06,2201.T,2751.0,1.0,0.03636363636363636,1.1955122310097481,354100,9.741291,0
2026-02-13 07:31:06,2206.T,5782.0,-51.0,-0.8743356763243613,0.8371119637251482,123400,7.134988,0
2026-02-13 07:31:07,2207.T,2568.0,-25.0,-0.9641342074816814,-1.2307692307692308,130200,3.343536,0
2026-02-13 07:31:07,2211.T,2519.0,-16.0,-0.631163708086785,-2.6661514683153014,64600,1.627274,0
2026-02-13 07:31:07,2222.T,1979.0,-97.0,-4.672447013487476,2.751817237798546,780700,15.450053,0
2026-02-13 07:31:07,2267.T,2676.0,14.0,0.5259203606311045,5.106048703849176,1766800,47.279568,0
2026-02-13 07:31:08,2269.T,3861.0,26.0,0.6779661016949152,2.768166089965398,2802700,108.212247,0
2026-02-13 07:31:08,2282.T,6975.0,149.0,2.1828303545268093,2.952029520295203,881300,61.470675,0
2026-02-13 07:31:08,2286.T,775.0,3.0,0.38860103626943004,1.5727391874180863,53100,0.411525,0
2026-02-13 07:31:08,2296.T,6210.0,-50.0,-0.7987220447284344,2.9850746268656714,163600,10.15956,0
2026-02-13 07:31:09,2317.T,425.0,-16.0,-3.6281179138321997,-8.60215053763441,1739000,7.39075,0
2026-02-13 07:31:09,2325.T,4845.0,-155.0,-3.1,-3.869047619047619,64900,3.144405,0
2026-02-13 07:31:09,2331.T,1151.0,-15.0,-1.2864493996569468,0.5679335954565312,1126100,12.961411,0
2026-02-13 07:31:10,2337.T,438.0,-11.0,-2.4498886414253898,3.30188679245283,904300,3.960834,0
2026-02-13 07:31:10,2338.T,144.0,-24.0,-14.285714285714285,-30.097087378640776,674300,0.970992,0
2026-02-13 07:31:10,2371.T,1644.5,-123.5,-6.985294117647059,-12.246531483457844,3106000,51.07817,0
2026-02-13 07:31:10,2379.T,2015.0,-39.0,-1.89873417721519,-1.466992665036675,861600,17.36124,0
2026-02-13 07:31:11,2395.T,1726.0,4.0,0.23228803716608595,5.565749235474006,235000,4.0561,0
2026-02-13 07:31:14,2412.T,0.0,0.0,0.0,0.0,0,0.0,0
2026-02-13 07:31:18,2427.T,0.0,0.0,0.0,0.0,0,0.0,0
2026-02-13 07:31:18,2432.T,2679.0,-63.5,-2.315405651777575,5.1825677267373385,2048000,54.86592,0
2026-02-13 07:31:18,2433.T,1165.0,33.5,2.9606716747680073,4.578096947935368,1553100,18.093615,0
2026-02-13 07:31:19,2501.T,1880.5,123.5,7.029026750142288,15.474362910653976,3601900,67.7337295,0
2026-02-13 07:31:19,2502.T,1696.5,23.5,1.404662283323371,2.631578947368421,7504400,127.312146,0
2026-02-13 07:31:19,2503.T,2591.5,57.5,2.269139700078927,8.544502617801047,4330200,112.217133,0
2026-02-13 07:31:19,2531.T,1587.5,6.5,0.41113219481340924,-2.307692307692308,403700,6.4087375,0
2026-02-13 07:31:20,2579.T,3554.0,-25.0,-0.6985191394244202,1.6299685444666856,811800,28.851372,0
2026-02-13 07:31:20,2607.T,4064.0,30.0,0.7436787307882995,-3.9016315913927646,396100,16.097504,0
2026-02-13 07:31:24,2651.T,0.0,0.0,0.0,0.0,0,0.0,0
2026-02-13 07:31:24,2670.T,2630.0,-10.5,-0.3976519598560878,3.584088223710122,608200,15.99566,0
2026-02-13 07:31:24,2681.T,1680.0,-23.0,-1.3505578391074575,-9.090909090909092,253300,4.25544,0
2026-02-13 07:31:24,2685.T,2985.0,-10.0,-0.333889816360601,3.7539103232533892,211500,6.313275,0
2026-02-13 07:31:25,2702.T,7070.0,40.0,0.5689900426742532,3.3625730994152043,293900,20.77873,0
2026-02-13 07:31:25,2768.T,6374.0,-156.0,-2.3889739663093414,10.372294372294371,2287800,145.824372,0
2026-02-13 07:31:25,2784.T,2557.5,20.0,0.7881773399014778,0.35314891112419067,677800,17.334735,0
2026-02-13 07:31:29,2786.T,0.0,0.0,0.0,0.0,0,0.0,0
2026-02-13 07:31:29,2801.T,1491.0,-4.5,-0.3009027081243731,0.4716981132075472,5945100,88.641441,0
2026-02-13 07:31:29,2802.T,4436.0,80.0,1.8365472910927456,24.431977559607294,5826600,258.467976,0
2026-02-13 07:31:30,2809.T,4601.0,-25.0,-0.5404236921746649,3.277216610549944,220200,10.131402,0
2026-02-13 07:31:30,2811.T,2868.0,-9.0,-0.31282586027111575,1.1997177134791814,367500,10.5399,0
2026-02-13 07:31:30,2815.T,5890.0,-10.0,-0.1694915254237288,3.5149384885764503,53300,3.13937,0
2026-02-13 07:31:31,2871.T,2058.5,7.0,0.3412137460394833,6.108247422680412,1891100,38.9282935,0
2026-02-13 07:31:31,2875.T,11945.0,-30.0,-0.25052192066805845,5.05716798592788,474200,56.64319,0
2026-02-13 07:31:31,2897.T,3317.0,74.0,2.2818378045020045,5.301587301587301,1400700,46.461219,0
2026-02-13 07:31:32,2914.T,6087.0,-53.0,-0.8631921824104235,3.3973161202649904,7945300,483.630411,0
2026-02-13 07:31:32,2915.T,2135.0,-7.0,-0.32679738562091504,4.146341463414634,42800,0.91378,0
2026-02-13 07:31:32,3003.T,2029.0,-9.5,-0.46602894285013485,10.181916915557968,2387100,48.434259,0
2026-02-13 07:31:32,3036.T,3040.0,-160.0,-5.0,9.707686755683868,210100,6.38704,0
2026-02-13 07:31:33,3048.T,1763.5,-21.5,-1.204481792717087,1.8187066974595842,923100,16.2788685,0
2026-02-13 07:31:33,3050.T,1709.0,-2.0,-0.11689070718877849,3.6385688295936935,321400,5.492726,0
2026-02-13 07:31:33,3064.T,2074.5,-94.5,-4.356846473029045,-2.4682651622002822,3279500,68.0332275,0
2026-02-13 07:31:33,3067.T,454.0,1.0,0.22075055187637968,0.8888888888888888,14800,0.067192,0
2026-02-13 07:31:34,3076.T,2724.0,-81.0,-2.8877005347593583,2.0224719101123596,109900,2.993676,0
2026-02-13 07:31:34,3086.T,2670.0,-62.0,-2.2693997071742316,10.78838174273859,1782800,47.60076,0
2026-02-13 07:31:34,3092.T,1097.5,-59.0,-5.101599654128837,-3.60122968818621,6254900,68.6475275,0
2026-02-13 07:31:34,3099.T,2986.5,-162.5,-5.1603683709114,11.770209580838323,3579200,106.892808,0
2026-02-13 07:31:35,3101.T,1541.0,-34.0,-2.158730158730159,8.904593639575973,466900,7.194929,0
2026-02-13 07:31:35,3103.T,1492.0,120.0,8.746355685131196,108.37988826815644,47297400,705.677208,0
2026-02-13 07:31:35,3105.T,1567.5,-14.5,-0.9165613147914033,-6.4179104477611935,1512400,23.70687,0
2026-02-13 07:31:36,3110.T,20190.0,-270.0,-1.3196480938416422,23.184868822452714,2467500,498.18825,0
2026-02-13 07:31:36,3116.T,3236.0,60.0,1.8891687657430731,15.819613457408732,969900,31.385964,0
2026-02-13 07:31:39,3141.T,0.0,0.0,0.0,0.0,0,0.0,0
2026-02-13 07:31:40,3148.T,3380.0,-5.0,-0.14771048744460857,4.320987654320987,98400,3.32592,0
2026-02-13 07:31:40,3167.T,1204.0,-2.0,-0.16583747927031509,4.878048780487805,236500,2.84746,0
2026-02-13 07:31:40,3182.T,1446.0,0.0,0.0,4.782608695652174,288500,4.17171,0
2026-02-13 07:31:40,3186.T,3485.0,-70.0,-1.969057665260197,-1.5536723163841808,232100,8.088685,0
2026-02-13 07:31:41,3197.T,3556.0,99.0,2.863754700607463,10.331988830282345,3117100,110.844076,0
2026-02-13 07:31:41,3201.T,1971.0,-39.0,-1.9402985074626864,3.4645669291338583,118000,2.32578,0
2026-02-13 07:31:41,3222.T,977.0,-19.0,-1.9076305220883536,0.9297520661157025,541400,5.289478,0
2026-02-13 07:31:42,3231.T,1107.5,-17.5,-1.5555555555555556,3.601496725912067,2704800,29.95566,0
2026-02-13 07:31:45,3254.T,0.0,0.0,0.0,0.0,0,0.0,0
2026-02-13 07:31:45,3267.T,1040.0,-25.0,-2.3474178403755865,0.0962463907603465,19100,0.19864,0
2026-02-13 07:31:46,3288.T,11190.0,145.0,1.312811226799457,21.86887388368547,685700,76.72983,0
2026-02-13 07:31:46,3291.T,2655.0,-49.0,-1.8121301775147929,3.12682074189163,485000,12.87675,0
2026-02-13 07:31:46,3302.T,3225.0,-60.0,-1.82648401826484,6.0855263157894735,42500,1.370625,0
2026-02-13 07:31:46,3315.T,123.0,-7.0,-5.384615384615385,-1.6,4686300,5.764149,0
2026-02-13 07:31:47,3360.T,2740.5,-77.5,-2.7501774308019873,4.899521531100478,309800,8.490069,0
2026-02-13 07:31:47,3382.T,2375.0,19.5,0.8278497134366377,3.7570991699432064,9549600,226.803,0
2026-02-13 07:31:47,3391.T,2731.0,25.0,0.9238728750923874,8.848146671980869,2239600,61.163476,0
2026-02-13 07:31:48,3401.T,1681.0,-7.5,-0.44418122594018355,6.123737373737374,909000,15.28029,0
2026-02-13 07:31:48,3402.T,1232.0,19.0,1.5663643858202803,-0.6451612903225806,8376600,103.199712,0
2026-02-13 07:31:48,3405.T,1753.0,-27.0,-1.5168539325842696,-0.08549444286121402,2445400,42.867862,0
2026-02-13 07:31:48,3407.T,1737.0,-26.0,-1.474758933635848,8.971141781681306,5347300,92.882601,0
2026-02-13 07:31:49,3415.T,389.0,-16.0,-3.950617283950617,4.56989247311828,503400,1.958226,0
2026-02-13 07:31:49,3436.T,1526.0,-89.0,-5.510835913312693,-5.802469135802469,10199800,155.648948,0
2026-02-13 07:31:49,3437.T,3260.0,-45.0,-1.361573373676248,-5.094614264919942,1200,0.03912,0
2026-02-13 07:31:49,3439.T,648.0,-4.0,-0.6134969325153374,0.7776049766718507,2700,0.017496,0
2026-02-13 07:31:50,3443.T,5040.0,-320.0,-5.970149253731343,3.278688524590164,155000,7.812,0
2026-02-13 07:31:50,3501.T,1354.0,-7.0,-0.5143277002204262,2.9657794676806084,26200,0.354748,0
2026-02-13 07:31:50,3529.T,1024.0,-60.0,-5.535055350553505,-8.325872873769026,130200,1.333248,0
2026-02-13 07:31:51,3543.T,2904.0,9.0,0.31088082901554404,1.9662921348314606,440800,12.800832,0
2026-02-13 07:31:51,3549.T,4347.0,-25.0,-0.5718206770356816,5.535324107793153,155300,6.750891,0
2026-02-13 07:31:51,3563.T,9340.0,-89.0,-0.9438964895535051,12.80193236714976,1169300,109.21262,0
2026-02-13 07:31:51,3569.T,3400.0,-35.0,-1.0189228529839884,3.343465045592705,144200,4.9028,0
2026-02-13 07:31:52,3571.T,785.0,-6.0,-0.7585335018963337,-0.7585335018963337,13400,0.10519,0
2026-02-13 07:31:55,3606.T,0.0,0.0,0.0,0.0,0,0.0,0
2026-02-13 07:31:56,3626.T,3174.0,-256.0,-7.463556851311953,-14.746172441579372,2690400,85.393296,0
2026-02-13 07:31:59,3630.T,0.0,0.0,0.0,0.0,0,0.0,0
2026-02-13 07:31:59,3659.T,3148.0,-608.0,-16.187433439829608,-11.87010078387458,5258100,165.524988,0
2026-02-13 07:32:00,3662.T,1027.0,-38.0,-3.568075117370892,-3.748828491096532,237500,2.439125,0
2026-02-13 07:32:00,3665.T,411.0,1.0,0.24390243902439024,1.9851116625310175,216300,0.888993,0
2026-02-13 07:32:00,3668.T,431.0,-13.0,-2.9279279279279278,2.375296912114014,573800,2.473078,0
2026-02-13 07:32:00,3676.T,856.0,-22.0,-2.5056947608200453,-6.956521739130435,196900,1.685464,0
2026-02-13 07:32:01,3681.T,143.0,-4.0,-2.7210884353741496,0.7042253521126761,229500,0.328185,0
2026-02-13 07:32:01,3687.T,1444.0,-38.0,-2.564102564102564,-0.13831258644536654,468000,6.75792,0
2026-02-13 07:32:01,3694.T,470.0,-26.0,-5.241935483870968,-1.0526315789473684,338700,1.59189,0
2026-02-13 07:32:01,3765.T,2588.0,-12.0,-0.46153846153846156,-0.6144393241167435,444000,11.49072,0
2026-02-13 07:32:02,3769.T,7636.0,-1202.0,-13.600362072867163,-11.599907385968974,1098800,83.904368,0
2026-02-13 07:32:02,3778.T,2854.0,-41.0,-1.4162348877374784,4.160583941605839,550500,15.71127,0
2026-02-13 07:32:02,3861.T,978.0,4.20001220703125,0.43130132056688614,3.208107344585461,4679300,45.763554,0
2026-02-13 07:32:02,3863.T,1188.0,9.0,0.7633587786259541,-0.08410428931875526,400300,4.755564,0
2026-02-13 07:32:03,3865.T,937.0,-27.0,-2.8008298755186725,0.32119914346895073,501600,4.699992,0
2026-02-13 07:32:03,3877.T,2012.0,-20.0,-0.984251968503937,-0.39603960396039606,65400,1.315848,0
2026-02-13 07:32:03,3880.T,1106.0,64.0,6.142034548944338,10.48951048951049,1470600,16.264836,0
2026-02-13 07:32:04,3896.T,450.0,-11.0,-2.386117136659436,3.686635944700461,189700,0.85365,0
2026-02-13 07:32:07,3919.T,0.0,0.0,0.0,0.0,0,0.0,0
2026-02-13 07:32:07,3923.T,765.0,-55.0,-6.707317073170732,3.294629384069049,6060600,46.36359,0
2026-02-13 07:32:08,3926.T,297.0,-5.0,-1.6556291390728477,-8.333333333333332,96200,0.285714,0
2026-02-13 07:32:08,3932.T,2716.0,-62.0,-2.2318214542836574,7.735025783419277,59600,1.618736,0
2026-02-13 07:32:11,3938.T,0.0,0.0,0.0,0.0,0,0.0,0
2026-02-13 07:32:12,3962.T,1000.0,-12.0,-1.185770750988142,-1.0880316518298714,767000,7.67,0
2026-02-13 07:32:12,3964.T,2077.0,-135.0,-6.1030741410488245,-1.1893434823977165,131800,2.737486,0
2026-02-13 07:32:12,4004.T,10140.0,5.0,0.049333991119881605,8.437600256657042,3079600,312.27144,0
2026-02-13 07:32:12,4005.T,562.2999877929688,-8.10003662109375,-1.4200624604485999,2.8346745329242147,13093500,73.62474890167236,0
2026-02-13 07:32:13,4021.T,6504.0,-114.0,-1.7225747960108795,15.4419595314164,1207200,78.516288,0
2026-02-13 07:32:13,4041.T,4065.0,165.0,4.230769230769231,7.682119205298013,250300,10.174695,0
2026-02-13 07:32:13,4042.T,2631.0,-19.5,-0.7357102433503113,-3.9956212370005475,1560400,41.054124,0
2026-02-13 07:32:14,4043.T,4128.0,-134.0,-3.144063819802909,4.585761337724854,687400,28.375872,0
2026-02-13 07:32:14,4044.T,4135.0,-155.0,-3.613053613053613,10.857908847184987,128900,5.330015,0
2026-02-13 07:32:14,4046.T,2338.0,-54.0,-2.25752508361204,-0.7218683651804672,471600,11.026008,0
2026-02-13 07:32:15,4061.T,3079.0,-35.0,-1.1239563262684649,-1.973893664438077,793900,24.444181,0
2026-02-13 07:32:15,4062.T,8640.0,136.0,1.5992474129821261,20.0,6756900,583.79616,0
2026-02-13 07:32:15,4063.T,5499.0,-242.0,-4.215293502874064,5.365012454493198,14912500,820.038375,0
2026-02-13 07:32:16,4064.T,2977.0,-53.0,-1.749174917491749,5.943060498220641,81300,2.420301,0
2026-02-13 07:32:16,4088.T,2463.5,-61.0,-2.416320063378887,2.624453238908561,1120800,27.610908,0
2026-02-13 07:32:16,4091.T,5430.0,-108.0,-1.9501625135427951,2.9188779378316907,935700,50.80851,0
2026-02-13 07:32:16,4099.T,4600.0,30.0,0.6564551422319475,4.545454545454546,189400,8.7124,0
2026-02-13 07:32:17,4100.T,1419.0,-47.0,-3.2060027285129604,-6.398416886543536,60700,0.861333,0
2026-02-13 07:32:17,4114.T,2422.0,-32.5,-1.3240985944184152,6.065250711626889,641000,15.52502,0
2026-02-13 07:32:17,4116.T,4735.0,-10.0,-0.21074815595363539,7.858769931662871,159800,7.56653,0
2026-02-13 07:32:18,4151.T,2691.0,121.5,4.728546409807356,14.828248346490291,3032600,81.607266,0
2026-02-13 07:32:18,4182.T,4475.0,351.0,8.511154219204656,38.032078963602714,5928900,265.318275,0
2026-02-13 07:32:18,4183.T,2366.0,-33.5,-1.3961241925401124,-0.7342143906020557,2042000,48.31372,0
2026-02-13 07:32:22,4185.T,0.0,0.0,0.0,0.0,0,0.0,0
2026-02-13 07:32:22,4186.T,8326.0,-4.0,-0.04801920768307323,8.242329693187727,1321400,110.019764,0
2026-02-13 07:32:22,4188.T,1110.5,-22.5,-1.9858781994704324,2.1619135234590616,7420000,82.3991,0
2026-02-13 07:32:23,4202.T,1603.5,-14.5,-0.896168108776267,4.94109947643979,742200,11.901177,0
2026-02-13 07:32:23,4203.T,5659.0,-191.0,-3.264957264957265,2.332730560578662,439200,24.854328,0
2026-02-13 07:32:23,4204.T,2922.5,-48.0,-1.6158895808786398,3.818827708703375,1508600,44.088835,0
2026-02-13 07:32:24,4205.T,1985.0,-37.5,-1.8541409147095178,2.1616057642820383,826500,16.406025,0
2026-02-13 07:32:24,4206.T,3779.0,-60.0,-1.5629070070330815,2.885924312551048,193400,7.308586,0
2026-02-13 07:32:24,4208.T,2852.0,-44.5,-1.5363369583980666,1.875334881228791,1063700,30.336724,0
2026-02-13 07:32:28,4217.T,0.0,0.0,0.0,0.0,0,0.0,0
2026-02-13 07:32:28,4218.T,1965.0,-5.0,-0.25380710659898476,-0.25380710659898476,16800,0.33012,0
2026-02-13 07:32:28,4246.T,912.0,38.0,4.3478260869565215,8.700834326579262,1403300,12.798096,0
2026-02-13 07:32:29,4272.T,1862.0,-11.0,-0.587293112653497,1.3333333333333335,477300,8.887326,0
2026-02-13 07:32:32,4282.T,0.0,0.0,0.0,0.0,0,0.0,0
2026-02-13 07:32:32,4290.T,695.0,-3.0,-0.42979942693409745,1.4598540145985401,281000,1.95295,0
2026-02-13 07:32:33,4293.T,381.0,-25.0,-6.157635467980295,-9.285714285714286,1807900,6.888099,0
2026-02-13 07:32:36,4298.T,0.0,0.0,0.0,0.0,0,0.0,0
2026-02-13 07:32:37,4307.T,4053.0,-167.0,-3.957345971563981,-5.458362491252624,5412100,219.352413,0
2026-02-13 07:32:37,4318.T,870.0,-19.0,-2.1372328458942635,4.0669856459330145,108900,0.94743,0
2026-02-13 07:32:40,4321.T,0.0,0.0,0.0,0.0,0,0.0,0
2026-02-13 07:32:41,4324.T,2952.5,7.0,0.2376506535392972,6.185937780974645,5724900,169.0276725,0
2026-02-13 07:32:41,4343.T,2717.0,-5.0,-0.18368846436443792,0.1105379513633014,87800,2.385526,0
2026-02-13 07:32:45,4348.T,0.0,0.0,0.0,0.0,0,0.0,0
2026-02-13 07:32:45,4362.T,2682.0,2.0,0.0746268656716418,5.176470588235294,47400,1.271268,0
2026-02-13 07:32:45,4368.T,8460.0,-310.0,-3.534777651083238,10.15625,240600,20.35476,0
2026-02-13 07:32:46,4403.T,3104.0,-98.0,-3.0605871330418486,1.9041365725541695,1500200,46.566208,0
2026-02-13 07:32:46,4404.T,2537.0,-128.0,-4.803001876172608,-1.3991449669646328,84300,2.138691,0
2026-02-13 07:32:46,4406.T,230.0,-13.0,-5.349794238683128,-3.765690376569038,562600,1.29398,0
2026-02-13 07:32:46,4409.T,745.0,-9.0,-1.1936339522546418,-0.4010695187165776,10500,0.078225,0
2026-02-13 07:32:47,4410.T,1025.0,-5.0,-0.48543689320388345,1.9900497512437811,54900,0.562725,0
2026-02-13 07:32:47,4412.T,2383.0,-97.0,-3.9112903225806455,2.011986301369863,43000,1.02469,0
2026-02-13 07:32:47,4414.T,1400.0,-167.0,-10.657306955966815,-6.354515050167224,127000,1.778,0
2026-02-13 07:32:47,4443.T,1087.0,-113.0,-9.416666666666666,-11.6260162601626,3411700,37.085179,0
2026-02-13 07:32:48,4471.T,5910.0,-120.0,-1.9900497512437811,5.347593582887701,95700,5.65587,0
2026-02-13 07:32:48,4475.T,964.0,-36.0,-3.5999999999999996,-15.289982425307558,684700,6.600508,0
2026-02-13 07:32:48,4477.T,314.0,0.0,0.0,-1.257861635220126,3128400,9.823176,0
2026-02-13 07:32:48,4481.T,2951.0,-84.0,-2.767710049423394,-1.9601328903654487,77200,2.278172,0
2026-02-13 07:32:49,4502.T,5614.0,5.0,0.08914244963451595,2.295918367346939,5177800,290.681692,0
2026-02-13 07:32:49,4503.T,2510.5,40.5,1.639676113360324,11.701890989988877,9739100,244.5001055,0
2026-02-13 07:32:49,4506.T,2470.5,79.5,3.3249686323713923,8.047233763393834,6643400,164.125197,0
2026-02-13 07:32:50,4507.T,3536.0,1.0,0.028288543140028287,4.832493329380374,4530400,160.194944,0
2026-02-13 07:32:50,4519.T,9280.0,80.0,0.8695652173913043,6.642151229602391,3429500,318.2576,0
2026-02-13 07:32:50,4521.T,4225.0,5.0,0.11848341232227488,2.5485436893203883,102700,4.339075,0
2026-02-13 07:32:50,4523.T,5066.0,106.0,2.1370967741935485,14.04772624943719,3018600,152.922276,0
2026-02-13 07:32:51,4527.T,2514.0,-88.5,-3.400576368876081,-0.7500986971969996,1311300,32.966082,0
2026-02-13 07:32:51,4530.T,6190.0,-125.0,-1.979414093428345,-2.6729559748427674,634700,39.28793,0
2026-02-13 07:32:51,4536.T,1720.0,2.5,0.1455604075691412,-2.189365936878021,872500,15.007,0
2026-02-13 07:32:55,4541.T,0.0,0.0,0.0,0.0,0,0.0,0
2026-02-13 07:32:55,4543.T,2010.5,-59.5,-2.874396135265701,-0.4949269982677555,15118800,303.963474,0
2026-02-13 07:32:56,4547.T,4650.0,20.0,0.4319654427645789,0.0,60500,2.81325,0
2026-02-13 07:32:59,4550.T,0.0,0.0,0.0,0.0,0,0.0,0
2026-02-13 07:33:03,4555.T,0.0,0.0,0.0,0.0,0,0.0,0
2026-02-13 07:33:03,4568.T,2937.5,31.5,1.0839642119752235,1.0491916064671483,8957600,263.1295,0
2026-02-13 07:33:03,4578.T,10585.0,714.0,7.233309695066356,12.426978226234732,3319100,351.326735,0
2026-02-13 07:33:07,4581.T,0.0,0.0,0.0,0.0,0,0.0,0
2026-02-13 07:33:07,4587.T,1518.5,-21.0,-1.3640792465086067,-1.2357723577235773,750200,11.391787,0
2026-02-13 07:33:07,4612.T,1074.5,-10.5,-0.967741935483871,3.1190019193857963,6993600,75.146232,0
2026-02-13 07:33:08,4613.T,2769.0,-14.0,-0.5030542579949695,8.46063454759107,1000400,27.701076,0
2026-02-13 07:33:08,4617.T,4135.0,-65.0,-1.5476190476190477,6.435006435006435,265000,10.95775,0
2026-02-13 07:33:08,4619.T,2391.0,-71.0,-2.883834281072299,0.1675743611227482,111500,2.665965,0
2026-02-13 07:33:08,4626.T,5539.0,-73.0,-1.300784034212402,3.7460198539052256,223100,12.357509,0
2026-02-13 07:33:09,4631.T,4250.0,-118.0,-2.7014652014652016,10.677083333333332,801200,34.051,0
2026-02-13 07:33:09,4651.T,233.0,-6.0,-2.510460251046025,0.0,166200,0.387246,0
2026-02-13 07:33:09,4661.T,2819.0,5.5,0.1954860494046561,6.377358490566038,5042500,142.148075,0
2026-02-13 07:33:10,4665.T,4307.0,-18.0,-0.41618497109826585,0.5134189031505251,91100,3.923677,0
2026-02-13 07:33:10,4666.T,2163.5,-54.0,-2.435174746335964,1.1690437222352115,517600,11.198276,0
2026-02-13 07:33:10,4668.T,722.0,-4.0,-0.5509641873278237,0.5571030640668524,40600,0.293132,0
2026-02-13 07:33:10,4681.T,1789.5,-23.5,-1.2961941533370105,1.3020096235493914,1289500,23.0756025,0
2026-02-13 07:33:11,4684.T,3845.0,3.0,0.07808433107756377,1.8543046357615895,3182500,122.367125,0
2026-02-13 07:33:11,4689.T,387.5,-9.5,-2.392947103274559,2.4590130864083166,35777000,138.635875,0
2026-02-13 07:33:11,4694.T,4125.0,75.0,1.8518518518518516,3.7735849056603774,114900,4.739625,0
2026-02-13 07:33:11,4704.T,5421.0,-322.0,-5.6068257008532125,-4.03611258629846,1631800,88.459878,0
2026-02-13 07:33:15,4708.T,0.0,0.0,0.0,0.0,0,0.0,0
2026-02-13 07:33:15,4716.T,9288.0,-345.0,-3.581438804110869,-3.56141625999377,459600,42.687648,0
2026-02-13 07:33:16,4732.T,1835.5,-22.5,-1.2109795479009688,7.717136150234742,1579800,28.997229,0
2026-02-13 07:33:19,4739.T,0.0,0.0,0.0,0.0,0,0.0,0
2026-02-13 07:33:23,4745.T,0.0,0.0,0.0,0.0,0,0.0,0
2026-02-13 07:33:23,4751.T,1316.0,-36.0,-2.6627218934911245,4.403014676715589,5029300,66.185588,0
2026-02-13 07:33:23,4755.T,880.0999755859375,-103.800048828125,-10.549857328232163,-4.585868138392052,43813700,385.6043630032959,0
2026-02-13 07:33:23,4768.T,3023.0,-73.0,-2.3578811369509043,2.2492812447150348,1476400,44.631572,0
2026-02-13 07:33:24,4812.T,1825.0,-224.0,-10.932162030258663,-15.743305632502308,1578000,28.7985,0
2026-02-13 07:33:24,4816.T,2358.0,-225.0,-8.710801393728223,-9.412216673069535,1661700,39.182886,0
2026-02-13 07:33:24,4825.T,4085.0,-105.0,-2.5059665871121717,3.8119440914866582,79700,3.255745,0
2026-02-13 07:33:24,4832.T,2113.0,-41.0,-1.9034354688950788,-2.401847575057737,13300,0.281029,0
2026-02-13 07:33:25,4849.T,1238.0,-186.0,-13.06179775280899,-13.487071977638015,647300,8.013574,0
2026-02-13 07:33:25,4887.T,2290.5,-110.0,-4.5823786711101855,-3.395191902150991,850300,19.4761215,0
2026-02-13 07:33:25,4901.T,3033.0,-27.0,-0.8823529411764706,-2.9750479846449136,8531500,258.760395,0
2026-02-13 07:33:26,4902.T,588.7000122070312,-22.70001220703125,-3.7127921656179015,-15.05050328902868,5491500,32.32846117034912,0
2026-02-13 07:33:26,4911.T,3301.0,78.0,2.420105491777847,18.40028694404591,6305400,208.141254,0
2026-02-13 07:33:26,4912.T,1832.5,145.5,8.624777711914641,8.592592592592592,3855700,70.6557025,0
2026-02-13 07:33:26,4914.T,1494.0,-87.0,-5.502846299810247,-1.710526315789474,320800,4.792752,0
2026-02-13 07:33:27,4917.T,3105.0,-5.0,-0.1607717041800643,-2.511773940345369,125000,3.88125,0
2026-02-13 07:33:27,4922.T,6033.0,-19.0,-0.3139458030403173,6.046756899279311,457400,27.594942,0
2026-02-13 07:33:27,4927.T,1378.5,-29.5,-2.0951704545454546,-0.43336944745395445,604200,8.328897,0
2026-02-13 07:33:28,4951.T,1558.0,-17.0,-1.0793650793650795,1.0376134889753565,54000,0.84132,0
2026-02-13 07:33:28,4958.T,2879.0,-24.0,-0.826730967964175,0.6291506466270534,115800,3.333882,0
2026-02-13 07:33:28,4967.T,5506.0,14.0,0.25491624180626365,4.260556712743798,335400,18.467124,0
2026-02-13 07:33:28,4968.T,1474.0,-40.0,-2.642007926023778,9.023668639053255,53000,0.78122,0
2026-02-13 07:33:29,4970.T,10660.0,180.0,1.717557251908397,21.96796338672769,107800,11.49148,0
2026-02-13 07:33:29,4971.T,6480.0,-280.0,-4.142011834319527,12.305025996533796,456500,29.5812,0
2026-02-13 07:33:29,4974.T,801.0,-18.0,-2.197802197802198,-0.24906600249066002,246300,1.972863,0
2026-02-13 07:33:30,4975.T,5930.0,-120.0,-1.9834710743801653,2.0654044750430294,53100,3.14883,0
2026-02-13 07:33:30,4980.T,2236.5,-182.5,-7.544439851178172,-23.355037697052776,5095600,113.963094,0
2026-02-13 07:33:30,4985.T,5020.0,25.0,0.5005005005005005,1.5166835187057632,69900,3.50898,0
2026-02-13 07:33:30,4994.T,2667.0,-15.0,-0.5592841163310962,0.7555723460521345,9200,0.245364,0
2026-02-13 07:33:34,5002.T,0.0,0.0,0.0,0.0,0,0.0,0
2026-02-13 07:33:38,5009.T,0.0,0.0,0.0,0.0,0,0.0,0
2026-02-13 07:33:38,5019.T,1384.0,-38.5,-2.7065026362038664,-1.7045454545454544,5677500,78.5766,0
2026-02-13 07:33:38,5021.T,4572.0,-116.0,-2.474402730375427,-4.070499370541334,784900,35.885628,0
2026-02-13 07:33:38,5026.T,781.0,-74.0,-8.654970760233919,9.845288326300984,133100,1.039511,0
2026-02-13 07:33:39,5027.T,642.0,-16.0,-2.43161094224924,-10.70931849791377,498500,3.20037,0
2026-02-13 07:33:39,5101.T,6767.0,-110.0,-1.599534680820125,6.8698673404927355,1012800,68.536176,0
2026-02-13 07:33:39,5105.T,4418.0,-229.0,-4.927910479879492,2.3632993512511584,4812100,212.598578,0
2026-02-13 07:33:39,5108.T,3817.0,63.0,1.6782099094299414,5.296551724137931,6166000,235.35622,0
2026-02-13 07:33:40,5110.T,2659.0,44.0,1.6826003824091778,2.3282663074850873,3396200,90.304958,0
2026-02-13 07:33:40,5201.T,6310.0,-55.0,-0.864100549882168,4.125412541254125,1298400,81.92904,0
2026-02-13 07:33:40,5202.T,606.0,-11.0,-1.7828200972447326,-5.7542768273716955,2249600,13.632576,0
2026-02-13 07:33:41,5208.T,2303.0,-16.0,-0.689952565761104,23.352972683449384,249900,5.755197,0
2026-02-13 07:33:41,5214.T,5700.0,-305.0,-5.07910074937552,-18.291284403669724,1880300,107.1771,0
2026-02-13 07:33:41,5218.T,1130.0,-30.0,-2.586206896551724,3.7649219467401287,70100,0.79213,0
2026-02-13 07:33:45,5232.T5233.T,0.0,0.0,0.0,0.0,0,0.0,0
2026-02-13 07:33:45,5237.T,1116.0,10.0,0.9041591320072333,3.525046382189239,5100,0.056916,0
2026-02-13 07:33:45,5261.T,8220.0,-10.0,-0.12150668286755771,3.919089759797725,6200,0.50964,0
2026-02-13 07:33:46,5287.T,1232.0,-88.0,-6.666666666666667,-0.08110300081103002,57600,0.709632,0
2026-02-13 07:33:46,5301.T,1023.5,-116.5,-10.219298245614034,-7.917228969860549,4820700,49.3398645,0
2026-02-13 07:33:46,5332.T,5629.0,-84.0,-1.470330824435498,4.35669262143122,1397900,78.687791,0
2026-02-13 07:33:47,5333.T,4131.0,-53.0,-1.2667304015296368,4.84771573604061,1807400,74.663694,0
2026-02-13 07:33:47,5334.T,7099.0,342.0,5.061417788959598,7.789249924081385,1764400,125.254756,0
2026-02-13 07:33:47,5344.T,52580.0,1960.0,3.871987356775978,2.7153740965032234,227400,119.56692,0
2026-02-13 07:33:47,5367.T,802.0,24.0,3.0848329048843186,18.991097922848667,674700,5.411094,0
2026-02-13 07:33:48,5401.T,648.0,-50.0,-7.163323782234957,-4.283604135893649,61207500,396.6246,0
2026-02-13 07:33:48,5406.T,2236.5,-79.0,-3.411790110127402,-4.115755627009646,3785500,84.6627075,0
2026-02-13 07:33:48,5411.T,2287.0,-72.0,-3.052140737600678,5.440295066851084,6837100,156.364477,0
2026-02-13 07:33:51,5413.T,0.0,0.0,0.0,0.0,0,0.0,0
2026-02-13 07:33:52,5423.T,1546.0,-82.0,-5.036855036855037,-1.5286624203821657,400900,6.197914,0
2026-02-13 07:33:52,5444.T,11430.0,-1525.0,-11.7715167888846,-6.807990216061965,446000,50.9778,0
2026-02-13 07:33:52,5449.T,2501.0,-197.0,-7.301704966641958,-29.04964539007092,127200,3.181272,0
2026-02-13 07:33:53,5451.T,1397.0,-42.0,-2.9186935371785965,-2.851182197496523,373600,5.219192,0
2026-02-13 07:33:53,5463.T,1567.5,-76.0,-4.624277456647398,-1.0728936573051435,748400,11.73117,0
2026-02-13 07:33:53,5471.T,2061.0,-104.0,-4.803695150115474,-1.0324129651860743,1549900,31.943439,0
2026-02-13 07:33:57,5486.T,0.0,0.0,0.0,0.0,0,0.0,0
2026-02-13 07:34:00,5489.T,0.0,0.0,0.0,0.0,0,0.0,0
2026-02-13 07:34:01,5541.T,3005.0,-235.0,-7.253086419753087,-5.205047318611988,797300,23.958865,0
2026-02-13 07:34:01,5602.T,1685.0,-43.0,-2.488425925925926,-2.4319629415170816,627700,10.576745,0
2026-02-13 07:34:01,5631.T,9338.0,-356.0,-3.6723746647410773,3.8478647686832743,1290400,120.497552,0
2026-02-13 07:34:02,5703.T,2892.0,-238.0,-7.603833865814696,0.9071877180739707,880200,25.455384,0
2026-02-13 07:34:02,5706.T,26540.0,550.0,2.116198537899192,20.554167612991144,2818800,748.10952,0
2026-02-13 07:34:02,5707.T,1626.0,-87.0,-5.078809106830122,-0.4286589099816289,1103600,17.944536,0
2026-02-13 07:34:03,5711.T,5397.0,147.0,2.8000000000000003,15.419161676646706,5766500,311.218005,0
2026-02-13 07:34:03,5713.T,9886.0,-909.0,-8.420565076424271,6.301075268817204,7830400,774.113344,0
2026-02-13 07:34:03,5714.T,9461.0,-709.0,-6.971484759095378,-1.3039849780930524,1490600,141.025666,0
2026-02-13 07:34:03,5715.T,6120.0,-480.0,-7.2727272727272725,21.428571428571427,1374600,84.12552,0
2026-02-13 07:34:04,5726.T,2711.0,-324.0,-10.675453047775948,5.815768930523029,1947100,52.785881,0
2026-02-13 07:34:04,5801.T,21495.0,-650.0,-2.9351998193723188,40.58207979071288,5153600,1107.76632,0
2026-02-13 07:34:04,5802.T,8593.0,-177.0,-2.0182440136830104,9.702540533639729,8134200,698.971806,0
2026-02-13 07:34:05,5803.T,21795.0,-1255.0,-5.44468546637744,-4.449802718106094,9904400,2158.66398,0
2026-02-13 07:34:05,5857.T,3845.0,-305.0,-7.349397590361447,-1.4102564102564104,1199800,46.13231,0
2026-02-13 07:34:05,5901.T,3912.0,-110.0,-2.734957732471407,-2.004008016032064,266400,10.421568,0
2026-02-13 07:34:05,5902.T,2337.0,-2.0,-0.08550662676357418,-1.6414141414141417,35400,0.827298,0
2026-02-13 07:34:06,5938.T,1879.5,-33.5,-1.7511761630946157,2.7049180327868854,1646500,30.9459675,0
2026-02-13 07:34:06,5947.T,4021.0,-206.0,-4.873432694582446,-3.9646524958203964,909000,36.55089,0
2026-02-13 07:34:06,5957.T,785.0,-11.0,-1.3819095477386936,7.094133697135062,134500,1.055825,0
2026-02-13 07:34:07,5975.T,2693.0,-26.0,-0.9562339095255609,4.501358168412883,107000,2.88151,0
2026-02-13 07:34:07,5981.T,1834.0,24.0,1.3259668508287292,6.689936009307737,336800,6.176912,0
2026-02-13 07:34:07,5985.T,1201.0,52.0,4.525674499564839,17.745098039215687,1719700,20.653597,0
2026-02-13 07:34:08,5991.T,3113.0,-114.0,-3.5326929036256587,6.3183060109289615,1327400,41.321962,0
2026-02-13 07:34:08,6027.T,2435.0,-240.0,-8.97196261682243,-4.284591194968553,447600,10.89906,0
2026-02-13 07:34:08,6035.T,817.0,-43.0,-5.0,-4.667444574095683,87600,0.715692,0
2026-02-13 07:34:08,6036.T,3410.0,-25.0,-0.727802037845706,5.736434108527131,93700,3.19517,0
2026-02-13 07:34:09,6047.T,547.0,-17.0,-3.0141843971631204,-2.4955436720142603,208100,1.138307,0
2026-02-13 07:34:09,6055.T,1986.0,19.0,0.9659379766141332,16.686251468860164,1895100,37.636686,0
2026-02-13 07:34:09,6058.T,1408.0,-27.0,-1.8815331010452963,-8.093994778067886,304300,4.284544,0
2026-02-13 07:34:09,6062.T,1356.0,-37.0,-2.656137832017229,4.067536454336147,197700,2.680812,0
2026-02-13 07:34:10,6070.T,2672.0,-49.0,-1.800808526277104,0.64030131826742,45100,1.205072,0
2026-02-13 07:34:10,6080.T,3380.0,-135.0,-3.8406827880512093,0.44576523031203563,113300,3.82954,0
2026-02-13 07:34:10,6081.T,325.0,-22.0,-6.340057636887608,5.863192182410423,798000,2.5935,0
2026-02-13 07:34:10,6089.T,1277.0,-18.0,-1.3899613899613898,7.491582491582492,174900,2.233473,0
2026-02-13 07:34:11,6098.T,6156.0,-649.0,-9.537105069801617,-17.930942540994536,20343000,1252.31508,0
2026-02-13 07:34:11,6103.T,4440.0,-125.0,-2.7382256297918945,9.22509225092251,476300,21.14772,0
2026-02-13 07:34:11,6104.T,4355.0,-70.0,-1.5819209039548021,4.6875,60700,2.643485,0
2026-02-13 07:34:12,6113.T,2475.0,163.5,7.073329007138223,13.950276243093922,5623600,139.1841,0
2026-02-13 07:34:12,6134.T,5563.0,700.0,14.39440674480773,44.869791666666664,2039100,113.435133,0
2026-02-13 07:34:12,6136.T,2762.0,-24.0,-0.8614501076812634,4.383975812547241,356100,9.835482,0
2026-02-13 07:34:12,6141.T,2939.0,-175.0,-5.619781631342325,1.5023312035917804,2718900,79.908471,0
2026-02-13 07:34:13,6146.T,73060.0,230.0,0.3158039269531786,7.2204285294980926,2298500,1679.2841,0
2026-02-13 07:34:13,6149.T,2218.0,-85.0,-3.690838037342597,0.6808896958692692,33200,0.736376,0
2026-02-13 07:34:13,6178.T,2044.0,-47.5,-2.2710972985895292,5.55125225923057,7441400,152.102216,0
2026-02-13 07:34:13,6184.T,557.0,-12.0,-2.10896309314587,-2.10896309314587,208100,1.159117,0
2026-02-13 07:34:14,6189.T,818.0,28.0,3.5443037974683547,5.821474773609314,96000,0.78528,0
2026-02-13 07:34:14,6194.T,718.0,11.0,1.5558698727015559,5.4331864904552125,295200,2.119536,0
2026-02-13 07:34:14,6200.T,704.0,-2.0,-0.28328611898017,-0.28328611898017,651300,4.585152,0
2026-02-13 07:34:14,6201.T,20450.0,465.0,2.3267450587940957,5.412371134020619,1479600,302.5782,0
2026-02-13 07:34:15,6203.T,1677.0,-78.0,-4.444444444444445,18.098591549295776,552200,9.260394,0
2026-02-13 07:34:15,6210.T,689.0,4.0,0.583941605839416,3.453453453453453,54100,0.372749,0
2026-02-13 07:34:15,6217.T,571.0,-100.0,-14.903129657228018,12.180746561886052,450600,2.572926,0
2026-02-13 07:34:15,6218.T,570.0,21.0,3.825136612021858,4.395604395604396,41900,0.23883,0
2026-02-13 07:34:16,6232.T,1113.0,-49.0,-4.216867469879518,-0.08976660682226212,448200,4.988466,0
2026-02-13 07:34:16,6235.T,2129.0,-67.0,-3.051001821493625,3.2993692382338673,249700,5.316113,0
2026-02-13 07:34:16,6238.T,1029.0,-31.0,-2.9245283018867925,-0.9624639076034648,185500,1.908795,0
2026-02-13 07:34:16,6268.T,4460.0,-259.0,-5.488450942996397,0.04486316733961417,1993600,88.91456,0
2026-02-13 07:34:17,6273.T,70840.0,-900.0,-1.2545302481182046,10.085470085470085,791800,560.91112,0
2026-02-13 07:34:17,6277.T,6610.0,-300.0,-4.341534008683068,0.0,39600,2.61756,0
2026-02-13 07:34:17,6282.T,2591.0,-34.0,-1.2952380952380953,3.806089743589743,73500,1.904385,0
2026-02-13 07:34:18,6284.T,6550.0,-200.0,-2.9629629629629632,2.1840873634945397,60500,3.96275,0
2026-02-13 07:34:18,6291.T,1330.0,-68.0,-4.86409155937053,5.388272583201268,138800,1.84604,0
2026-02-13 07:34:18,6301.T,7713.0,-86.0,-1.102705475060905,4.796195652173913,6472100,499.193073,0
2026-02-13 07:34:18,6302.T,5697.0,-272.0,-4.55687719886078,7.632722463631211,1430600,81.501282,0
2026-02-13 07:34:19,6305.T,6564.0,29.0,0.4437643458301454,9.839357429718875,1691600,111.036624,0
2026-02-13 07:34:19,6309.T,2109.0,-20.0,-0.9394081728511038,6.193353474320242,87700,1.849593,0
2026-02-13 07:34:19,6310.T,1893.0,-137.0,-6.748768472906404,5.9317291550083935,480200,9.090186,0
2026-02-13 07:34:20,6324.T,3625.0,-285.0,-7.289002557544758,5.072463768115942,1674100,60.686125,0
2026-02-13 07:34:20,6326.T,3137.0,-105.0,-3.23874151758174,23.503937007874015,13309100,417.506467,0
2026-02-13 07:34:20,6327.T,1148.0,91.0,8.609271523178808,11.24031007751938,262000,3.00776,0
2026-02-13 07:34:20,6328.T,2695.0,-65.0,-2.355072463768116,25.11606313834726,148100,3.991295,0
2026-02-13 07:34:21,6330.T,4150.0,-1000.0,-19.41747572815534,-28.93835616438356,344700,14.30505,0
2026-02-13 07:34:21,6332.T,3285.0,-95.0,-2.8106508875739644,8.415841584158416,191400,6.28749,0
2026-02-13 07:34:21,6333.T,3050.0,-95.0,-3.0206677265500796,-1.2944983818770228,24800,0.7564,0
2026-02-13 07:34:22,6339.T,1164.0,-20.0,-1.6891891891891893,-0.42771599657827203,86100,1.002204,0
2026-02-13 07:34:22,6340.T,3685.0,-185.0,-4.7803617571059425,2.789400278940028,54900,2.023065,0
2026-02-13 07:34:22,6345.T,1399.0,3.0,0.21489971346704873,1.8936635105608157,182600,2.554574,0
2026-02-13 07:34:22,6349.T,1727.0,-54.0,-3.0320044918585065,-0.690051753881541,121400,2.096578,0
2026-02-13 07:34:23,6361.T,5303.0,-122.0,-2.248847926267281,4.885284810126582,3668400,194.535252,0
2026-02-13 07:34:23,6366.T,1613.0,-116.0,-6.70908039329092,24.74864655839134,9544500,153.952785,0
2026-02-13 07:34:23,6367.T,19370.0,-30.0,-0.15463917525773196,-0.025806451612903226,2000900,387.57433,0
2026-02-13 07:34:24,6368.T,15635.0,355.0,2.323298429319372,-4.60646735814521,388400,60.72634,0
2026-02-13 07:34:24,6370.T,8041.0,-243.0,-2.9333655239014966,3.487773487773488,570700,45.889987,0
2026-02-13 07:34:24,6371.T,2564.0,-58.0,-2.212051868802441,4.1429731925264015,143300,3.674212,0
2026-02-13 07:34:24,6376.T,2285.0,234.0,11.409068746952707,23.31354560172693,984900,22.504965,0
2026-02-13 07:34:25,6383.T,6311.0,343.0,5.747319034852547,9.871169916434539,4345000,274.21295,0
2026-02-13 07:34:25,6395.T,1384.0,-41.0,-2.8771929824561404,9.407114624505928,860900,11.914856,0
2026-02-13 07:34:25,6406.T,5666.0,1.0,0.0176522506619594,0.0176522506619594,33000,1.86978,0
2026-02-13 07:34:26,6417.T,2210.5,-95.0,-4.12058121882455,-6.394240948549651,1275900,28.2037695,0
2026-02-13 07:34:26,6420.T,3725.0,-40.0,-1.0624169986719787,-3.994845360824742,60900,2.268525,0
2026-02-13 07:34:26,6436.T,4004.0,-145.0,-3.494818028440588,2.6140440799589952,398300,15.947932,0
2026-02-13 07:34:26,6448.T,3107.0,-44.0,-1.3963821009203428,-5.100794135613928,1003800,31.188066,0
2026-02-13 07:34:27,6454.T,6650.0,-90.0,-1.3353115727002967,6.570512820512821,61000,4.0565,0
2026-02-13 07:34:27,6455.T,2895.0,-57.0,-1.9308943089430894,2.4416135881104037,78300,2.266785,0
2026-02-13 07:34:27,6457.T,4086.0,-16.0,-0.39005363237445145,0.04897159647404505,245000,10.0107,0
2026-02-13 07:34:28,6460.T,2374.5,14.5,0.614406779661017,0.4866694879390605,3685100,87.5026995,0
2026-02-13 07:34:28,6465.T,5601.0,-1.0,-0.01785076758300607,9.011288439081355,760900,42.618009,0
2026-02-13 07:34:28,6471.T,1292.5,-4.0,-0.3085229463941381,6.8181818181818175,6122000,79.12685,0
2026-02-13 07:34:28,6472.T,412.70001220703125,2.20001220703125,0.5359347641976249,8.036652410217606,3383300,13.962879513000487,0
2026-02-13 07:34:29,6473.T,2038.5,-21.5,-1.0436893203883495,9.803393482359278,1508600,30.752811,0
2026-02-13 07:34:29,6479.T,3471.0,-26.0,-0.7434944237918215,3.7358039450089664,2133500,74.053785,0
2026-02-13 07:34:29,6481.T,4515.0,-685.0,-13.173076923076923,-8.362086462350314,4359200,196.81788,0
2026-02-13 07:34:30,6486.T,3415.0,-15.0,-0.43731778425655976,7.559055118110236,139900,4.777585,0
2026-02-13 07:34:30,6501.T,5209.0,-366.0,-6.565022421524663,0.9496124031007752,25954200,1351.954278,0
2026-02-13 07:34:30,6503.T,5590.0,-231.0,-3.9683903109431364,3.845439346089541,10815500,604.58645,0
2026-02-13 07:34:31,6504.T,11265.0,-235.0,-2.043478260869565,6.173421300659755,791400,89.15121,0
2026-02-13 07:34:31,6506.T,5224.0,-131.0,-2.446311858076564,0.6745037579495086,4649500,242.88988,0
2026-02-13 07:34:31,6508.T,6790.0,-370.0,-5.167597765363128,3.82262996941896,265700,18.04103,0
2026-02-13 07:34:31,6516.T,4645.0,-130.0,-2.7225130890052354,8.528037383177569,77000,3.57665,0
2026-02-13 07:34:32,6532.T,4292.0,-223.0,-4.9390919158361015,-15.22812561722299,3864200,165.851464,0
2026-02-13 07:34:32,6535.T,523.0,-9.0,-1.6917293233082706,2.3483365949119372,195400,1.021942,0
2026-02-13 07:34:32,6538.T,329.0,-12.0,-3.519061583577713,-4.081632653061225,90700,0.298403,0
2026-02-13 07:34:32,6544.T,1578.5,-44.5,-2.7418361059765863,-3.603053435114504,923200,14.572712,0
2026-02-13 07:34:33,6551.T,682.0,-25.0,-3.536067892503536,-8.209959623149395,94000,0.64108,0
2026-02-13 07:34:33,6552.T,165.0,-3.0,-1.7857142857142856,0.0,30500,0.050325,0
2026-02-13 07:34:33,6564.T,2028.0,-95.0,-4.474799811587377,-0.19685039370078738,97300,1.973244,0
2026-02-13 07:34:33,6586.T,5930.0,-176.0,-2.8824107435309534,4.696327683615819,1339600,79.43828,0
2026-02-13 07:34:34,6592.T,1610.5,69.0,4.47615958481998,7.689735874289536,2694200,43.390091,0
2026-02-13 07:34:34,6594.T,2333.0,-68.0,-2.8321532694710534,-0.2991452991452992,4823600,112.534588,0
2026-02-13 07:34:34,6596.T,1000.0,0.0,0.0,0.0,0,0.0,0
2026-02-13 07:34:38,6641.T,0.0,0.0,0.0,0.0,0,0.0,0
2026-02-13 07:34:38,6645.T,4743.0,-77.0,-1.5975103734439833,15.739385065885797,1759500,83.453085,0
2026-02-13 07:34:38,6670.T,2266.0,-14.0,-0.6140350877192983,42.605412208936436,1551200,35.150192,0
2026-02-13 07:34:39,6674.T,4434.0,-57.0,-1.2692050768203071,15.40864133263925,664500,29.46393,0
2026-02-13 07:34:39,6701.T,4099.0,-404.0,-8.97179658005774,-13.193562049978821,27235600,1116.387244,0
2026-02-13 07:34:39,6701.T,4099.0,-404.0,-8.97179658005774,-13.193562049978821,27235600,1116.387244,0
2026-02-13 07:34:39,6702.T,3828.0,-159.0,-3.9879608728367195,-5.807086614173229,12857700,492.192756,0
2026-02-13 07:34:40,6703.T,2717.0,-65.0,-2.336448598130841,30.24928092042186,1054100,28.639897,0
2026-02-13 07:34:40,6723.T,2940.0,-75.0,-2.4875621890547266,14.219114219114218,11707700,344.20638,0
2026-02-13 07:34:40,6724.T,2094.5,-50.0,-2.331545814875262,0.23929169657812877,2889500,60.5205775,0
2026-02-13 07:34:41,6727.T,863.0,-16.0,-1.8202502844141069,0.7001166861143524,391800,3.381234,0
2026-02-13 07:34:41,6752.T,2430.0,-124.5,-4.873752201996477,10.756608933454876,12833200,311.84676,0
2026-02-13 07:34:41,6753.T,678.5,3.0999755859375,0.45898363545764703,-4.892069416836223,7224400,49.017554,0
2026-02-13 07:34:41,6754.T,2364.5,-68.5,-2.815454171804357,0.9391675560298827,917300,21.6895585,0
2026-02-13 07:34:42,6758.T,3552.0,-53.0,-1.4701803051317615,6.188340807174888,25520600,906.491712,0
2026-02-13 07:34:42,6762.T,2212.0,-34.0,-1.5138023152270703,2.7881040892193307,16437900,363.606348,0
2026-02-13 07:34:42,6770.T,2165.0,-37.0,-1.6802906448683013,3.76228133237479,1691900,36.629635,0
2026-02-13 07:34:46,6773.T,0.0,0.0,0.0,0.0,0,0.0,0
2026-02-13 07:34:46,6777.T,17670.0,250.0,1.4351320321469576,18.19397993311037,155000,27.3885,0
2026-02-13 07:34:46,6794.T,2905.0,-46.0,-1.5587936292782107,-1.4586160108548167,408700,11.872735,0
2026-02-13 07:34:47,6798.T,3065.0,-30.0,-0.9693053311793215,7.5438596491228065,24700,0.757055,0
2026-02-13 07:34:47,6806.T,20665.0,-630.0,-2.958440948579479,5.568326947637293,131200,27.11248,0
2026-02-13 07:34:47,6807.T,2635.0,-33.0,-1.23688155922039,4.026845637583892,169400,4.46369,0
2026-02-13 07:34:48,6810.T,2200.0,-83.0,-3.6355672360928604,1.1494252873563218,166700,3.6674,0
2026-02-13 07:34:48,6814.T,7290.0,-90.0,-1.2195121951219512,3.9942938659058487,350400,25.54416,0
2026-02-13 07:34:48,6817.T,1200.0,-28.0,-2.2801302931596092,-2.834008097165992,338100,4.0572,0
2026-02-13 07:34:48,6841.T,4984.0,-71.0,-1.4045499505440158,-1.2286959968291715,1495100,74.515784,0
2026-02-13 07:34:49,6856.T,19500.0,-780.0,-3.8461538461538463,1.9074993467467989,402700,78.5265,0
2026-02-13 07:34:49,6857.T,27130.0,320.0,1.1935844834017157,6.4965652600588815,12024300,3262.19259,0
2026-02-13 07:34:49,6861.T,55590.0,-1370.0,-2.405196629213483,1.906507791017415,787400,437.71566,0
2026-02-13 07:34:50,6869.T,1301.0,-283.0,-17.866161616161616,-11.736770691994572,17000700,221.179107,0
2026-02-13 07:34:50,6871.T,10620.0,70.0,0.6635071090047393,20.13574660633484,1264100,134.24742,0
2026-02-13 07:34:50,6875.T,8980.0,-10.0,-0.11123470522803114,5.39906103286385,117900,10.58742,0
2026-02-13 07:34:50,6902.T,2234.0,78.0,3.6178107606679033,8.63116946267931,13891800,310.342812,0
2026-02-13 07:34:51,6908.T,3525.0,-75.0,-2.083333333333333,1.8786127167630058,78700,2.774175,0
2026-02-13 07:34:51,6914.T,2469.0,-71.0,-2.795275590551181,1.0642652476463363,210500,5.197245,0
2026-02-13 07:34:51,6920.T,30860.0,-290.0,-0.9309791332263242,3.5396745512497905,2403200,741.62752,0
2026-02-13 07:34:52,6923.T,3142.0,3.0,0.0955718381650207,2.948885976408912,454100,14.267822,0
2026-02-13 07:34:52,6925.T,2978.0,-59.0,-1.9427066183733948,3.0628136355770894,257300,7.662394,0
2026-02-13 07:34:52,6932.T,2767.0,-90.0,-3.150157507875394,3.5166479610924055,40000,1.1068,0
2026-02-13 07:34:52,6951.T,6300.0,-114.0,-1.7773620205799812,-0.5524861878453038,266700,16.8021,0
2026-02-13 07:34:53,6952.T,1599.5,-33.5,-2.0514390691977953,1.5233259282767375,1869000,29.894655,0
2026-02-13 07:34:53,6954.T,6445.0,-269.0,-4.006553470360441,-3.662182361733931,8819100,568.390995,0
2026-02-13 07:34:53,6963.T,2500.0,-81.0,-3.1383184812088336,-8.592321755027422,4429300,110.7325,0
2026-02-13 07:34:54,6971.T,2633.0,-48.5,-1.808689166511281,3.113373800665753,9644500,253.939685,0
2026-02-13 07:34:54,6976.T,4063.0,-66.0,-1.5984499878905305,17.8706121264868,2713200,110.237316,0
2026-02-13 07:34:54,6981.T,3259.0,-36.0,-1.0925644916540211,-1.8964479229379894,8003200,260.824288,0
2026-02-13 07:34:55,6988.T,3550.0,-31.0,-0.8656799776598716,2.0114942528735633,5254300,186.52765,0
2026-02-13 07:34:55,6995.T,3310.0,-20.0,-0.6006006006006006,4.581358609794629,142600,4.72006,0
2026-02-13 07:34:55,7004.T,1088.0,-37.0,-3.288888888888889,0.6475485661424607,930500,10.12384,0
2026-02-13 07:34:55,7011.T,5031.0,36.0,0.7207207207207207,5.782169890664424,25707100,1293.324201,0
2026-02-13 07:34:56,7012.T,17710.0,-100.0,-0.5614823133071308,27.31847591660676,4915200,870.48192,0
2026-02-13 07:34:56,7013.T,4165.0,15.0,0.3614457831325301,9.865470852017937,22590800,940.90682,0
2026-02-13 07:34:56,7186.T,1681.0,-22.0,-1.291837933059307,12.705330204492121,4077000,68.53437,0
2026-02-13 07:34:57,7201.T,447.0,36.0,8.75912408759124,13.56707140965855,86042700,384.610869,0
2026-02-13 07:34:57,7202.T,2817.5,-26.5,-0.9317862165963432,5.4848371396480715,3897600,109.81488,0
2026-02-13 07:34:57,7203.T,3774.0,69.0,1.862348178137652,1.3154362416107381,32482400,1225.885776,0
2026-02-13 07:34:57,7205.T,466.0,-5.0,-1.0615711252653928,-3.917525773195876,5782100,26.944586,0
2026-02-13 07:34:58,7211.T,444.0,-9.600006103515625,-2.1164034334966075,11.895164732630475,10244800,45.486912,0
2026-02-13 07:34:58,7240.T,3196.0,-35.0,-1.0832559579077685,2.6662383552842917,252600,8.073096,0
2026-02-13 07:34:58,7261.T,1363.0,48.0,3.650190114068441,10.8130081300813,9500300,129.489089,0
2026-02-13 07:34:59,7267.T,1601.0,-10.0,-0.6207324643078833,-0.7131782945736435,21236200,339.991562,0
2026-02-13 07:34:59,7269.T,2382.0,29.0,1.2324691882702932,9.19092367636947,8350100,198.899382,0
2026-02-13 07:34:59,7270.T,3165.0,19.0,0.6039415130324222,-10.339943342776204,4384400,138.76626,0
2026-02-13 07:35:00,7272.T,1185.0,82.0,7.43427017225748,11.73974540311174,26066400,308.88684,0
2026-02-13 07:35:00,7276.T,2662.0,-12.0,-0.44876589379207177,2.109704641350211,680100,18.104262,0
2026-02-13 07:35:00,7280.T,1431.0,-42.0,-2.8513238289205702,1.4893617021276597,910900,13.034979,0
2026-02-13 07:35:00,7282.T,5093.0,-32.0,-0.624390243902439,6.548117154811715,1503600,76.578348,0
2026-02-13 07:35:01,7283.T,2216.0,-18.0,-0.8057296329453895,0.8189262966333031,70800,1.568928,0
2026-02-13 07:35:01,7309.T,16755.0,-1000.0,-5.632216277105041,-6.9425159677867265,486300,81.479565,0
2026-02-13 07:35:01,7313.T,1978.0,-19.0,-0.9514271407110666,1.5661103979460849,346200,6.847836,0
2026-02-13 07:35:02,7322.T,6100.0,-150.0,-2.4,14.018691588785046,146800,8.9548,0
2026-02-13 07:35:02,7327.T,2034.0,-55.0,-2.6328386787936813,10.423452768729643,662000,13.46508,0
2026-02-13 07:35:02,7337.T,1939.5,-40.0,-2.020712301086133,5.03655564581641,767700,14.8895415,0
2026-02-13 07:35:02,7343.T,1350.0,-22.0,-1.6034985422740524,-0.6622516556291391,21700,0.29295,0
2026-02-13 07:35:02,7350.T,5840.0,-160.0,-2.666666666666667,5.9891107078039925,131900,7.70296,0
2026-02-13 07:35:03,7354.T,292.0,-16.0,-5.194805194805195,-6.109324758842444,789300,2.304756,0
2026-02-13 07:35:03,7357.T,1635.0,-5.0,-0.3048780487804878,-0.8489993935718617,4800,0.07848,0
2026-02-13 07:35:03,7366.T,1286.0,-18.0,-1.3803680981595092,4.213938411669368,203700,2.619582,0
2026-02-13 07:35:03,7370.T,819.0,-8.0,-0.9673518742442563,-2.6159334126040426,9500,0.077805,0
2026-02-13 07:35:04,7381.T,980.0,-26.0,-2.584493041749503,5.831533477321814,542700,5.31846,0
2026-02-13 07:35:04,7399.T,620.0,-9.0,-1.4308426073131957,2.8192371475953566,12800,0.07936,0
2026-02-13 07:35:08,7408.T,0.0,0.0,0.0,0.0,0,0.0,0
2026-02-13 07:35:08,7414.T,1456.0,-27.0,-1.8206338503034392,1.392757660167131,68400,0.995904,0
2026-02-13 07:35:08,7420.T,1932.0,-35.0,-1.7793594306049825,1.6842105263157894,62100,1.199772,0
2026-02-13 07:35:08,7433.T,4335.0,-85.0,-1.9230769230769231,1.4035087719298245,87600,3.79746,0
2026-02-13 07:35:09,7447.T,1801.0,-28.0,-1.530891197375615,1.3505908835115363,55100,0.992351,0
2026-02-13 07:35:09,7453.T,3500.0,-27.0,-0.7655231074567621,11.252383979656706,6310400,220.864,0
2026-02-13 07:35:09,7459.T,2934.0,-36.0,-1.2121212121212122,2.8030833917309037,387700,11.375118,0
2026-02-13 07:35:10,7476.T,2241.5,-103.5,-4.4136460554371,-3.48762109795479,225500,5.0545825,0
2026-02-13 07:35:10,7483.T,3460.0,-55.0,-1.5647226173541962,6.134969325153374,151300,5.23498,0
2026-02-13 07:35:10,7494.T,249.0,-2.0,-0.796812749003984,-0.4,37300,0.092877,0
2026-02-13 07:35:10,7501.T,1778.0,5.0,0.2820078962210942,-0.11235955056179776,5700,0.101346,0
2026-02-13 07:35:11,7506.T,1413.0,-1.0,-0.07072135785007072,-1.6701461377870561,2600,0.036738,0
2026-02-13 07:35:14,7518.T,0.0,0.0,0.0,0.0,0,0.0,0
2026-02-13 07:35:15,7522.T,961.0,-17.0,-1.738241308793456,0.5230125523012552,67900,0.652519,0
2026-02-13 07:35:15,7532.T,977.2999877929688,1.89996337890625,0.19478812090942757,4.100980027759684,14351300,140.2552531481323,0
2026-02-13 07:35:15,7550.T,9705.0,265.0,2.8072033898305087,13.522049362498537,1307300,126.873465,0
2026-02-13 07:35:15,7554.T,1214.0,-9.0,-0.7358953393295176,7.243816254416961,106200,1.289268,0
2026-02-13 07:35:16,7564.T,6770.0,-20.0,-0.29455081001472755,6.112852664576803,240000,16.248,0
2026-02-13 07:35:16,7570.T,1400.0,-22.0,-1.5471167369901548,4.321907600596125,14100,0.1974,0
2026-02-13 07:35:16,7581.T,6670.0,-20.0,-0.29895366218236175,3.894080996884735,184600,12.31282,0
2026-02-13 07:35:17,7600.T,493.0,-5.0,-1.0040160642570282,3.571428571428571,63900,0.315027,0
2026-02-13 07:35:17,7606.T,2603.0,0.0,0.0,5.8130081300813,136200,3.545286,0
2026-02-13 07:35:17,7607.T,3310.0,0.0,0.0,6.602254428341385,32200,1.06582,0
2026-02-13 07:35:18,7611.T,3270.0,-15.0,-0.45662100456621,4.64,244000,7.9788,0
2026-02-13 07:35:18,7616.T,1866.5,-2.5,-0.13376136971642588,4.128312412831241,403200,7.525728,0
2026-02-13 07:35:22,7618.T,0.0,0.0,0.0,0.0,0,0.0,0
2026-02-13 07:35:22,7628.T,1249.0,-35.0,-2.7258566978193146,7.951598962834917,42700,0.533323,0
2026-02-13 07:35:22,7649.T,3732.0,-13.0,-0.3471295060080107,5.692438402718777,688800,25.706016,0
2026-02-13 07:35:22,7701.T,4153.0,-108.0,-2.5346162872565126,-3.170902308230357,998200,41.455246,0
2026-02-13 07:35:23,7702.T,442.0,-5.0,-1.1185682326621924,-0.45045045045045046,33200,0.146744,0
2026-02-13 07:35:23,7707.T,238.0,-1.0,-0.41841004184100417,0.0,132600,0.315588,0
2026-02-13 07:35:23,7717.T,3620.0,-110.0,-2.949061662198391,12.77258566978193,248400,8.99208,0
2026-02-13 07:35:24,7729.T,16630.0,-490.0,-2.8621495327102804,18.8281529117542,366400,60.93232,0
2026-02-13 07:35:24,7731.T,1969.5,15.0,0.7674597083653107,0.7416879795396419,2276000,44.82582,0
2026-02-13 07:35:24,7733.T,1852.5,-102.0,-5.218726016884114,-0.4032258064516129,5457400,101.098335,0
2026-02-13 07:35:24,7735.T,20830.0,-545.0,-2.5497076023391814,-0.6439303601240163,1260600,262.58298,0
2026-02-13 07:35:25,7741.T,28140.0,-320.0,-1.1243851018973998,2.6071103008204193,1453600,409.04304,0
2026-02-13 07:35:25,7747.T,2600.0,-24.0,-0.9146341463414633,2.3017902813299234,2570400,66.8304,0
2026-02-13 07:35:25,7751.T,4824.0,-77.0,-1.5711079371556826,-0.6180469715698393,3510100,169.327224,0
2026-02-13 07:35:26,7752.T,1464.0,-51.5,-3.398218409765754,0.6877579092159559,3242000,47.46288,0
2026-02-13 07:35:26,7762.T,1702.0,212.0,14.228187919463087,21.225071225071225,5921500,100.78393,0
2026-02-13 07:35:26,7779.T,299.0,-21.0,-6.5625,-2.6058631921824107,4879900,14.590901,0
2026-02-13 07:35:26,7780.T,1823.0,78.0,4.469914040114613,9.885473176612416,735400,13.406342,0
2026-02-13 07:35:27,7817.T,56330129408.0,0.0,0.0,0.0,0,0.0,0
2026-02-13 07:35:27,7820.T,854.0,4.0,0.4705882352941176,3.8929440389294405,49000,0.41846,0
2026-02-13 07:35:27,7832.T,4010.0,-61.0,-1.4984033407025301,2.243753187149413,4885300,195.90053,0
2026-02-13 07:35:27,7840.T,1334.0,-1.0,-0.0749063670411985,0.30075187969924816,32200,0.429548,0
2026-02-13 07:35:28,7846.T,4960.0,-131.0,-2.5731683362797093,-0.04030632809351068,100800,4.99968,0
2026-02-13 07:35:28,7856.T,1770.0,7.0,0.39705048213272826,3.267211201866978,45700,0.80889,0
2026-02-13 07:35:28,7860.T,1212.0,24.0,2.0202020202020203,3.061224489795918,434200,5.262504,0
2026-02-13 07:35:32,7862.T,0.0,0.0,0.0,0.0,0,0.0,0
2026-02-13 07:35:32,7867.T,2795.0,3.0,0.10744985673352436,3.652883367328018,981800,27.44131,0
2026-02-13 07:35:32,7868.T,497.0,-8.0,-1.5841584158415842,-0.9960159362549801,1472000,7.31584,0
2026-02-13 07:35:33,7911.T,4890.0,-161.0,-3.187487626212631,4.576561163387511,1831100,89.54079,0
2026-02-13 07:35:33,7912.T,3182.0,6.0,0.1889168765743073,9.384668270883465,2477600,78.837232,0
2026-02-13 07:35:33,7915.T,1306.0,-71.0,-5.156136528685548,0.5388760585065435,490400,6.404624,0
2026-02-13 07:35:34,7916.T,1875.0,-40.0,-2.088772845953003,-3.350515463917526,700,0.013125,0
2026-02-13 07:35:34,7925.T,2280.0,-78.0,-3.307888040712468,-4.801670146137787,63900,1.45692,0
2026-02-13 07:35:34,7931.T,3435.0,-75.0,-2.1367521367521367,1.1782032400589102,34100,1.171335,0
2026-02-13 07:35:35,7936.T,4396.0,344.0,8.489634748272458,15.048416644857369,22244600,977.872616,0
2026-02-13 07:35:35,7947.T,2794.0,-1.0,-0.03577817531305903,5.433962264150943,179600,5.018024,0
2026-02-13 07:35:35,7951.T,1190.5,-30.5,-2.4979524979524976,0.9325985587113182,4907200,58.420216,0
2026-02-13 07:35:35,7956.T,1630.0,-19.0,-1.1522134627046696,-0.12254901960784313,1792700,29.22101,0
2026-02-13 07:35:39,7958.T,0.0,0.0,0.0,0.0,0,0.0,0
2026-02-13 07:35:39,7965.T,1587.0,-17.0,-1.059850374064838,0.44303797468354433,159600,2.532852,0
2026-02-13 07:35:40,7966.T,4740.0,-155.0,-3.1664964249233916,-2.968270214943705,300000,14.22,0
2026-02-13 07:35:40,7974.T,8350.0,-290.0,-3.356481481481482,-6.943051376351277,13507500,1127.87625,0
2026-02-13 07:35:40,7981.T,2979.0,-111.0,-3.5922330097087376,1.4991482112436116,110700,3.297753,0
2026-02-13 07:35:40,7984.T,905.7999877929688,-57.0,-5.920232729817684,-2.07567699535473,1805000,16.349689779663088,0
2026-02-13 07:35:41,7988.T,4992.0,-141.0,-2.7469316189362947,0.5843239975821076,307000,15.32544,0
2026-02-13 07:35:41,7990.T,2370.0,13.0,0.5515485787017396,4.913678618857902,110100,2.60937,0
2026-02-13 07:35:41,7994.T,2565.0,-48.0,-1.8369690011481057,6.5641877856252595,249100,6.389415,0
2026-02-13 07:35:42,7995.T,4540.0,-105.0,-2.2604951560818085,1.7937219730941705,55400,2.51516,0
2026-02-13 07:35:42,8001.T,2225.5,-7.5,-0.33587102552619796,8.720078163165608,22461800,499.887359,0
2026-02-13 07:35:42,8002.T,6033.0,-268.0,-4.253293128074908,11.598224195338513,10085000,608.42805,0
2026-02-13 07:35:43,8015.T,6858.0,-54.0,-0.78125,12.740424132829196,3649400,250.275852,0
2026-02-13 07:35:43,8016.T,778.0,2.0,0.25773195876288657,4.993252361673414,1016300,7.906814,0
2026-02-13 07:35:43,8020.T,2229.5,-52.5,-2.3006134969325154,8.915486077186126,618200,13.782769,0
2026-02-13 07:35:43,8022.T,4260.0,-25.0,-0.5834305717619603,28.50678733031674,510000,21.726,0
2026-02-13 07:35:44,8031.T,5691.0,-116.0,-1.9975891165834339,8.81453154875717,6986900,397.624479,0
2026-02-13 07:35:44,8035.T,41990.0,690.0,1.6707021791767553,3.1695331695331697,5378300,2258.34817,0
2026-02-13 07:35:44,8053.T,6627.0,-112.0,-1.6619676509867933,7.7911515940143135,4332600,287.121402,0
2026-02-13 07:35:45,8056.T,4656.0,-171.0,-3.5425730267246736,-0.278432212465196,464600,21.631776,0
2026-02-13 07:35:45,8058.T,5058.0,-106.0,-2.0526723470178156,16.624394742909846,10583400,535.308372,0
2026-02-13 07:35:45,8060.T,6818.0,-197.0,-2.808267997148967,-0.7569141193595341,253500,17.28363,0
2026-02-13 07:35:45,8061.T,2680.0,33.0,1.2466943709860219,13.752122241086587,470600,12.61208,0
2026-02-13 07:35:46,8078.T,8750.0,-100.0,-1.1299435028248588,7.361963190184049,215700,18.87375,0
2026-02-13 07:35:46,8086.T,1516.0,-2.5,-0.16463615409944024,5.534284719805082,825100,12.508516,0
2026-02-13 07:35:46,8088.T,1839.5,-33.5,-1.788574479444741,-4.042775169535733,1187500,21.8440625,0
2026-02-13 07:35:50,8096.T,0.0,0.0,0.0,0.0,0,0.0,0
2026-02-13 07:35:50,8098.T,4110.0,0.0,0.0,5.384615384615385,114300,4.69773,0
2026-02-13 07:35:51,8113.T,1043.5,78.0,8.078715691351631,7.877598797544939,13003100,135.6873485,0
2026-02-13 07:35:51,8117.T,2229.0,49.0,2.2477064220183487,5.689900426742532,143100,3.189699,0
2026-02-13 07:35:51,8129.T,4668.0,30.0,0.646830530401035,0.49515608180839615,194700,9.088596,0
2026-02-13 07:35:51,8136.T,5464.0,700.0,14.693534844668346,19.824561403508774,2381700,130.136088,0
2026-02-13 07:35:52,8138.T,4765.0,15.0,0.3157894736842105,4.039301310043668,200,0.00953,0
2026-02-13 07:35:52,8150.T,3115.0,-65.0,-2.044025157232704,-3.7094281298299845,60800,1.89392,0
2026-02-13 07:35:52,8153.T,4360.0,-10.0,-0.2288329519450801,2.4676850763807283,67400,2.93864,0
2026-02-13 07:35:53,8160.T,2620.0,26.0,1.002313030069391,2.8257456828885403,68200,1.78684,0
2026-02-13 07:35:53,8167.T,1416.0,-3.0,-0.21141649048625794,3.584491587417703,173300,2.453928,0
2026-02-13 07:35:53,8174.T,2997.5,7.5,0.2508361204013378,7.264269100017892,530500,15.9017375,0
2026-02-13 07:35:53,8194.T,2748.0,-46.0,-1.6463851109520402,5.045871559633028,166800,4.583664,0
2026-02-13 07:35:54,8218.T,3535.0,30.0,0.8559201141226819,5.522388059701493,84000,2.9694,0
2026-02-13 07:35:54,8233.T,2364.0,-27.5,-1.1499059167886265,10.286913925822255,5109300,120.783852,0
2026-02-13 07:35:54,8242.T,2446.0,-17.0,-0.6902151847340642,12.150389729481889,386000,9.44156,0
2026-02-13 07:35:55,8252.T,3164.0,-40.0,-1.2484394506866416,3.9763391390075586,1169600,37.006144,0
2026-02-13 07:35:55,8253.T,4449.0,-100.0,-2.198285337436799,2.986111111111111,1120900,49.868841,0
2026-02-13 07:35:58,8256.T,0.0,0.0,0.0,0.0,0,0.0,0
2026-02-13 07:35:59,8267.T,2319.0,19.0,0.826086956521739,5.433052966583314,11532300,267.434037,0
2026-02-13 07:35:59,8273.T,3200.0,-10.0,-0.3115264797507788,2.7287319422150884,192900,6.1728,0
2026-02-13 07:35:59,8278.T,2167.0,2.0,0.09237875288683603,1.1199253383107792,115300,2.498551,0
2026-02-13 07:36:00,8282.T,1678.5,-5.5,-0.32660332541567694,3.2287822878228782,418500,7.0245225,0
2026-02-13 07:36:00,8283.T,4864.0,-145.0,-2.8947893791175883,-1.1984562258785294,164500,8.00128,0
2026-02-13 07:36:00,8291.T,536.0,-1.0,-0.186219739292365,0.7518796992481203,97400,0.522064,0
2026-02-13 07:36:00,8304.T,2813.5,-62.5,-2.1731571627260085,9.645362431800468,1429500,40.2189825,0
2026-02-13 07:36:01,8306.T,3003.0,-82.0,-2.658022690437601,1.8138667570774707,50999100,1531.502973,0
2026-02-13 07:36:01,8308.T,2142.0,-28.0,-1.2903225806451613,11.04199066874028,9113200,195.204744,0
2026-02-13 07:36:01,8309.T,5740.0,-30.0,-0.5199306759098787,7.3699962588851475,2935300,168.48622,0
2026-02-13 07:36:02,8316.T,6062.0,-142.0,-2.2888459058671824,7.673179396092363,11506500,697.52403,0
2026-02-13 07:36:02,8331.T,2395.0,-16.5,-0.68422143893842,5.205359103887547,3700300,88.622185,0
2026-02-13 07:36:02,8334.T,2231.0,-93.0,-4.00172117039587,9.577603143418468,1596900,35.626839,0
2026-02-13 07:36:02,8336.T,6130.0,-270.0,-4.21875,5.145797598627787,201800,12.37034,0
2026-02-13 07:36:03,8341.T,9631.0,-289.0,-2.913306451612903,8.323023281970531,337800,32.533518,0
2026-02-13 07:36:03,8354.T,7130.0,-163.0,-2.2350198820787055,17.773372976544433,1267500,90.37275,0
2026-02-13 07:36:07,8355.T,0.0,0.0,0.0,0.0,0,0.0,0
2026-02-13 07:36:10,8369.T,0.0,0.0,0.0,0.0,0,0.0,0
2026-02-13 07:36:10,8377.T,6203.0,-262.0,-4.052590873936582,8.824561403508772,620700,38.502021,0
2026-02-13 07:36:14,8379.T,0.0,0.0,0.0,0.0,0,0.0,0
2026-02-13 07:36:18,8382.T,0.0,0.0,0.0,0.0,0,0.0,0
2026-02-13 07:36:21,8385.T,0.0,0.0,0.0,0.0,0,0.0,0
2026-02-13 07:36:22,8395.T,5060.0,-210.0,-3.984819734345351,4.329896907216495,47100,2.38326,0
2026-02-13 07:36:22,8410.T,301.0,-0.600006103515625,-0.19894101172852427,-0.6600660066006601,4594800,13.830348,0
2026-02-13 07:36:22,8411.T,7681.0,-186.0,-2.3643065971780857,5.915609487038059,11662300,895.781263,0
2026-02-13 07:36:22,8418.T,2766.5,-89.0,-3.1167921554894065,7.897815912636505,1308600,36.202419,0
2026-02-13 07:36:23,8421.T,198600.0,300.0,0.15128593040847202,3.008298755186722,320,0.63552,0
2026-02-13 07:36:23,8424.T,4529.0,-50.0,-1.0919414719371043,3.072371415566682,209700,9.497313,0
2026-02-13 07:36:23,8439.T,2233.5,-22.0,-0.9753934825980936,2.289901534234028,822300,18.3660705,0
2026-02-13 07:36:23,8473.T,3489.0,-111.0,-3.0833333333333335,-2.894517116615641,5661100,197.515779,0
2026-02-13 07:36:24,8508.T,476.0,-8.0,-1.6528925619834711,-0.6263048016701461,1284400,6.113744,0
2026-02-13 07:36:24,8511.T,2248.0,36.0,1.62748643761302,3.0719853278312703,359100,8.072568,0
2026-02-13 07:36:24,8515.T,526.0,-20.0,-3.6630036630036633,-3.1307550644567224,2632300,13.845898,0
2026-02-13 07:36:25,8522.T,5740.0,-360.0,-5.901639344262295,11.890838206627679,261900,15.03306,0
2026-02-13 07:36:25,8524.T,1014.0,-11.0,-1.0731707317073171,8.217716115261473,3398700,34.462818,0
2026-02-13 07:36:25,8566.T,6180.0,-120.0,-1.9047619047619049,1.3114754098360655,35000,2.163,0
2026-02-13 07:36:25,8570.T,1770.0,-21.5,-1.2001116382919341,2.8471818710052292,450900,7.98093,0
2026-02-13 07:36:26,8585.T,1147.0,-11.0,-0.9499136442141624,1.414677276746242,540200,6.196094,0
2026-02-13 07:36:26,8591.T,5443.0,-175.0,-3.1149875400498397,12.621560107593627,4633000,252.17419,0
2026-02-13 07:36:26,8593.T,1467.0,-18.0,-1.2121212121212122,5.69164265129683,4618700,67.756329,0
2026-02-13 07:36:27,8595.T,2440.5,-31.5,-1.2742718446601942,-1.5530455828963292,515700,12.5856585,0
2026-02-13 07:36:27,8601.T,1653.5,-20.5,-1.2246117084826762,6.884292178409826,6115000,101.111525,0
2026-02-13 07:36:27,8604.T,1442.0,-1.5,-0.10391409767925182,5.255474452554744,13566900,195.634698,0
2026-02-13 07:36:27,8609.T,954.0,-27.0,-2.7522935779816518,4.3763676148796495,326700,3.116718,0
2026-02-13 07:36:28,8616.T,767.0,-9.0,-1.1597938144329898,1.455026455026455,942700,7.230509,0
2026-02-13 07:36:28,8617.T,558.0,-16.0,-2.7874564459930316,2.197802197802198,13100,0.073098,0
2026-02-13 07:36:28,8622.T,631.0,-6.0,-0.9419152276295133,2.2690437601296596,213000,1.34403,0
2026-02-13 07:36:29,8630.T,5966.0,-63.0,-1.0449494111793,6.726296958855098,3946800,235.466088,0
2026-02-13 07:36:32,8634.T,0.0,0.0,0.0,0.0,0,0.0,0
2026-02-13 07:36:32,8697.T,1822.5,14.0,0.7741222007188278,13.304320795772458,4223600,76.97511,0
2026-02-13 07:36:33,8698.T,710.0,-9.0,-1.2517385257301807,-0.5602240896358543,2056100,14.59831,0
2026-02-13 07:36:33,8699.T,1287.0,1.0,0.07776049766718507,-0.9237875288683602,199300,2.564991,0
2026-02-13 07:36:37,8703.T,0.0,0.0,0.0,0.0,0,0.0,0
2026-02-13 07:36:37,8704.T,1079.0,22.0,2.081362346263009,4.352030947775629,190000,2.0501,0
2026-02-13 07:36:37,8706.T,1769.0,-17.0,-0.9518477043673013,1.0857142857142856,224400,3.969636,0
2026-02-13 07:36:37,8725.T,4190.0,-17.0,-0.4040884240551462,2.645761881430671,5145200,215.58388,0
2026-02-13 07:36:38,8729.T,156.1999969482422,-5.1999969482421875,-3.221807400796596,0.5795195613643538,145365900,227.06153136378478,0
2026-02-13 07:36:41,8732.T,0.0,0.0,0.0,0.0,0,0.0,0
2026-02-13 07:36:41,8750.T,1488.0,21.0,1.4314928425357873,4.899541769474798,12467200,185.511936,0
2026-02-13 07:36:45,8754.T,0.0,0.0,0.0,0.0,0,0.0,0
2026-02-13 07:36:48,8755.T,0.0,0.0,0.0,0.0,0,0.0,0
2026-02-13 07:36:48,8766.T,6297.0,48.0,0.7681228996639462,7.256004087889627,8215800,517.348926,0
2026-02-13 07:36:49,8795.T,4110.0,-100.0,-2.375296912114014,3.1885513432086365,2844400,116.90484,0
2026-02-13 07:36:49,8798.T,228.0,-8.0,-3.389830508474576,17.525773195876287,218900,0.499092,0
2026-02-13 07:36:49,8801.T,2081.5,-66.0,-3.0733410942956927,13.340593520283148,12904300,268.6030045,0
2026-02-13 07:36:49,8802.T,4853.0,-170.0,-3.3844316145729643,16.686703534503486,6825600,331.246368,0
2026-02-13 07:36:50,8804.T,4128.0,-203.0,-4.687139228815516,9.641434262948207,1949200,80.462976,0
2026-02-13 07:36:50,8830.T,4980.0,-140.0,-2.734375,10.51930758988016,3640600,181.30188,0
2026-02-13 07:36:50,8835.T,875.0,-15.0,-1.6853932584269662,-4.266958424507659,65000,0.56875,0
2026-02-13 07:36:54,8840.T,0.0,0.0,0.0,0.0,0,0.0,0
2026-02-13 07:36:54,8848.T,724.0,-2.0,-0.27548209366391185,1.971830985915493,2162100,15.653604,0
2026-02-13 07:36:54,8850.T,5100.0,-80.0,-1.5444015444015444,4.294478527607362,52100,2.6571,0
2026-02-13 07:36:54,8860.T,854.0,7.0,0.8264462809917356,5.172413793103448,78600,0.671244,0
2026-02-13 07:36:55,8864.T,1022.0,-25.0,-2.387774594078319,2.1999999999999997,81500,0.83293,0
2026-02-13 07:36:55,8871.T,3320.0,-80.0,-2.3529411764705883,-0.5988023952095809,18200,0.60424,0
2026-02-13 07:36:55,8876.T,1837.0,-4.5,-0.24436600597339125,3.7853107344632773,748100,13.742597,0
2026-02-13 07:36:56,8897.T,414.0,-3.0,-0.7194244604316548,4.545454545454546,1430400,5.921856,0
2026-02-13 07:36:59,8905.T,0.0,0.0,0.0,0.0,0,0.0,0
2026-02-13 07:36:59,8914.T,1113.0,0.0,0.0,0.9066183136899365,155500,1.730715,0
2026-02-13 07:37:00,8923.T,1673.0,28.0,1.702127659574468,5.0879396984924625,666500,11.150545,0
2026-02-13 07:37:00,8934.T,2459.0,-45.0,-1.7971246006389778,-0.2434077079107505,135300,3.327027,0
2026-02-13 07:37:04,8940.T,0.0,0.0,0.0,0.0,0,0.0,0
2026-02-13 07:37:04,9001.T,3011.0,-4.0,-0.13266998341625208,7.612580414581845,946300,28.493093,0
2026-02-13 07:37:04,9005.T,1964.5,17.0,0.8729139922978177,10.707241476472246,3418100,67.1485745,0
2026-02-13 07:37:05,9007.T,1721.0,-19.5,-1.120367710428038,4.2714328991214785,1182900,20.357709,0
2026-02-13 07:37:05,9008.T,4076.0,-3.0,-0.07354743809757293,4.432487829874455,618300,25.201908,0
2026-02-13 07:37:05,9009.T,1298.0,-14.0,-1.0670731707317074,8.801341156747695,2185500,28.36779,0
2026-02-13 07:37:05,9020.T,3810.0,38.0,1.007423117709438,1.2221041445270988,4004100,152.55621,0
2026-02-13 07:37:06,9021.T,3368.0,-45.0,-1.3184881336067975,-0.9120329508679023,2101500,70.77852,0
2026-02-13 07:37:06,9022.T,4647.0,-18.0,-0.3858520900321543,0.49740484429065746,2595600,120.617532,0
2026-02-13 07:37:06,9024.T,4457.0,-43.0,-0.9555555555555555,3.9169969689904405,1184900,52.810993,0
2026-02-13 07:37:07,9031.T,3145.0,108.0,3.5561409285479093,9.391304347826086,354100,11.136445,0
2026-02-13 07:37:07,9039.T,2906.0,-38.0,-1.2907608695652173,-1.791145657316661,85600,2.487536,0
2026-02-13 07:37:07,9041.T,3376.0,13.0,0.3865596193874517,3.4630707937480847,784800,26.494848,0
2026-02-13 07:37:07,9042.T,4622.0,-31.0,-0.6662368364496024,8.52312749471707,932800,43.114016,0
2026-02-13 07:37:08,9044.T,3045.0,-15.0,-0.49019607843137253,5.0181065700982925,294300,8.961435,0
2026-02-13 07:37:08,9045.T,3552.0,-24.0,-0.6711409395973155,3.3459412278149547,264000,9.37728,0
2026-02-13 07:37:08,9048.T,1813.0,15.5,0.8623087621696801,3.4817351598173514,710800,12.886804,0
2026-02-13 07:37:09,9052.T,2079.0,-7.0,-0.33557046979865773,1.96174595389897,24200,0.503118,0
2026-02-13 07:37:12,9062.T,0.0,0.0,0.0,0.0,0,0.0,0
2026-02-13 07:37:13,9064.T,1854.0,-81.0,-4.186046511627907,-1.2253596164091636,3228400,59.854536,0
2026-02-13 07:37:13,9065.T,9549.0,-210.0,-2.1518598217030434,2.876535229476406,158900,15.173361,0
2026-02-13 07:37:13,9069.T,1943.5,-54.0,-2.7033792240300376,0.9610389610389611,639600,12.430626,0
2026-02-13 07:37:17,9070.T,0.0,0.0,0.0,0.0,0,0.0,0
2026-02-13 07:37:17,9076.T,2519.5,-0.5,-0.01984126984126984,3.1102926130550443,646100,16.2784895,0
2026-02-13 07:37:21,9078.T,0.0,0.0,0.0,0.0,0,0.0,0
2026-02-13 07:37:24,9086.T,0.0,0.0,0.0,0.0,0,0.0,0
2026-02-13 07:37:25,9090.T,941.0,-17.0,-1.7745302713987474,-2.3858921161825726,260400,2.450364,0
2026-02-13 07:37:28,9099.T,0.0,0.0,0.0,0.0,0,0.0,0
2026-02-13 07:37:29,9101.T,5049.0,-61.0,-1.1937377690802349,-3.034376800460918,3573700,180.436113,0
2026-02-13 07:37:29,9104.T,5140.0,-71.0,-1.362502398771829,0.7843137254901961,4203200,216.04448,0
2026-02-13 07:37:29,9107.T,2318.5,-23.5,-1.0034158838599487,-0.4935622317596567,4725300,109.5560805,0
2026-02-13 07:37:29,9110.T,7480.0,-170.0,-2.2222222222222223,4.323570432357044,37400,2.79752,0
2026-02-13 07:37:30,9115.T,737.0,-9.0,-1.2064343163538873,1.5151515151515151,17000,0.12529,0
2026-02-13 07:37:33,9179.T,0.0,0.0,0.0,0.0,0,0.0,0
2026-02-13 07:37:37,9182.T,0.0,0.0,0.0,0.0,0,0.0,0
2026-02-13 07:37:37,9201.T,3107.0,26.0,0.8438818565400843,2.9830957905203843,2822200,87.685754,0
2026-02-13 07:37:38,9202.T,3345.0,38.0,1.1490777139401271,3.2407407407407405,2660800,89.00376,0
2026-02-13 07:37:38,9206.T,2081.0,-3.0,-0.14395393474088292,0.33751205400192863,8800,0.183128,0
2026-02-13 07:37:41,9207.T,0.0,0.0,0.0,0.0,0,0.0,0
2026-02-13 07:37:45,9232.T,0.0,0.0,0.0,0.0,0,0.0,0
2026-02-13 07:37:45,9301.T,1347.0,-14.0,-1.0286554004408524,3.6153846153846154,1196900,16.122243,0
2026-02-13 07:37:46,9303.T,3780.0,-35.0,-0.9174311926605505,2.1621621621621623,64900,2.45322,0
2026-02-13 07:37:46,9304.T,1372.0,-21.0,-1.507537688442211,4.652936689549962,96500,1.32398,0
2026-02-13 07:37:46,9305.T,2300.0,-45.0,-1.9189765458422177,1.366240634640811,77400,1.7802,0
2026-02-13 07:37:46,9306.T,2019.0,-11.0,-0.541871921182266,-1.223091976516634,4400,0.088836,0
2026-02-13 07:37:47,9310.T,1341.0,-53.0,-3.802008608321377,2.601377199693956,54500,0.730845,0
2026-02-13 07:37:47,9312.T,3425.0,175.0,5.384615384615385,14.204734911637212,16700,0.571975,0
2026-02-13 07:37:47,9319.T,1718.0,-35.0,-1.9965772960638906,-0.5211349160393747,51200,0.879616,0
2026-02-13 07:37:48,9324.T,2598.0,-47.0,-1.776937618147448,10.27164685908319,40600,1.054788,0
2026-02-13 07:37:48,9364.T,5526.0,-139.0,-2.4536628420123567,0.5824535857298871,336700,18.606042,0
2026-02-13 07:37:48,9368.T,913.0,-7.0,-0.7608695652173914,-0.43620501635768816,37600,0.343288,0
2026-02-13 07:37:52,9375.T,0.0,0.0,0.0,0.0,0,0.0,0
2026-02-13 07:37:52,9380.T,429.0,0.0,0.0,0.9411764705882352,15600,0.066924,0
2026-02-13 07:37:56,9384.T,0.0,0.0,0.0,0.0,0,0.0,0
2026-02-13 07:37:56,9401.T,5937.0,6.0,0.10116337885685382,-1.2967581047381544,467000,27.72579,0
2026-02-13 07:37:56,9404.T,3443.0,-69.0,-1.9646924829157177,-5.281980742778543,386900,13.320967,0
2026-02-13 07:37:56,9409.T,3635.0,-75.0,-2.0215633423180592,2.538787023977433,474200,17.23717,0
2026-02-13 07:37:57,9412.T,2810.0,-118.0,-4.030054644808743,8.452335005789271,1581400,44.43734,0
2026-02-13 07:38:00,9422.T,0.0,0.0,0.0,0.0,0,0.0,0
2026-02-13 07:38:01,9432.T,154.60000610351562,1.20001220703125,0.7822765676516444,0.7822765676516444,265212000,410.01776818725585,0
2026-02-13 07:38:01,9433.T,2694.0,32.5,1.2211159120796544,-2.0363636363636366,25323000,682.20162,0
2026-02-13 07:38:01,9434.T,214.10000610351562,1.70001220703125,0.8003824180238774,0.0,108358300,231.99512691366579,0
2026-02-13 07:38:01,9435.T,42470.0,-1230.0,-2.814645308924485,-1.9395058877857307,170200,72.28394,0
2026-02-13 07:38:02,9468.T,2969.0,-170.0,-5.41573749601784,-5.08312020460358,1649300,48.967717,0
2026-02-13 07:38:02,9474.T,1011.0,-8.0,-0.7850834151128557,0.19821605550049554,155600,1.573116,0
2026-02-13 07:38:02,9501.T,690.2999877929688,23.39996337890625,3.5087663101325313,13.163932425076844,86581300,597.6707033309937,0
2026-02-13 07:38:03,9502.T,2618.0,-23.0,-0.870882241575161,14.623467600700527,2748400,71.953112,0
2026-02-13 07:38:03,9503.T,2745.5,2.0,0.07289958082741024,11.787459283387621,4462900,122.5289195,0
2026-02-13 07:38:03,9504.T,1047.0,2.5,0.23934897079942558,9.57613814756672,2041500,21.374505,0
2026-02-13 07:38:03,9506.T,1198.5,-26.5,-2.1632653061224487,5.594713656387666,1999200,23.960412,0
2026-02-13 07:38:04,9508.T,1863.0,-17.5,-0.9306035628822121,8.788321167883211,1836300,34.210269,0
2026-02-13 07:38:04,9513.T,3575.0,0.0,0.0,9.327217125382264,781900,27.952925,0
2026-02-13 07:38:04,9531.T,7769.0,-11.0,-0.14138817480719795,6.512201809706609,1386900,107.748261,0
2026-02-13 07:38:05,9532.T,6640.0,-97.0,-1.4398100044530207,6.512672441450112,1520700,100.97448,0
2026-02-13 07:38:05,9533.T,5583.0,-13.0,-0.23230879199428162,5.818802122820318,166400,9.290112,0
2026-02-13 07:38:05,9602.T,8083.0,9.0,0.1114689125588308,4.647850854479544,600200,48.514166,0
2026-02-13 07:38:06,9605.T,5730.0,-20.0,-0.34782608695652173,2.13903743315508,72500,4.15425,0
2026-02-13 07:38:09,9613.T,0.0,0.0,0.0,0.0,0,0.0,0
2026-02-13 07:38:09,9616.T,2750.0,29.5,1.084359492740305,0.8434176751008434,997800,27.4395,0
2026-02-13 07:38:10,9627.T,6404.0,-33.0,-0.5126611775671897,-1.4465989535241612,122400,7.838496,0
2026-02-13 07:38:10,9678.T,4045.0,-50.0,-1.221001221001221,5.890052356020942,86500,3.498925,0
2026-02-13 07:38:14,9681.T,0.0,0.0,0.0,0.0,0,0.0,0
2026-02-13 07:38:14,9697.T,3057.0,-215.0,-6.570904645476773,-4.169278996865203,4379900,133.893543,0
2026-02-13 07:38:14,9719.T,5665.0,2.0,0.035316969803990815,-0.08818342151675485,4935600,279.60174,0
2026-02-13 07:38:14,9726.T,1671.0,-50.0,-2.9052876234747242,-4.948805460750854,80400,1.343484,0
2026-02-13 07:38:15,9735.T,6075.0,-115.0,-1.8578352180936994,5.560382276281494,2062900,125.321175,0
2026-02-13 07:38:15,9743.T,1530.0,-42.0,-2.6717557251908395,0.13089005235602094,295000,4.5135,0
2026-02-13 07:38:15,9766.T,18280.0,-920.0,-4.791666666666667,-5.675954592363261,1063800,194.46264,0
2026-02-13 07:38:19,9783.T,0.0,0.0,0.0,0.0,0,0.0,0
2026-02-13 07:38:22,9810.T,0.0,0.0,0.0,0.0,0,0.0,0
2026-02-13 07:38:23,9832.T,1674.0,-11.0,-0.6528189910979229,1.3930950938824955,138300,2.315142,0
2026-02-13 07:38:23,9843.T,3058.0,16.0,0.5259697567389875,11.483776886620488,5274200,161.285036,0
2026-02-13 07:38:23,9887.T,6820.0,20.0,0.29411764705882354,1.1869436201780417,35700,2.43474,0
2026-02-13 07:38:24,9896.T,1486.0,-28.0,-1.8494055482166447,0.7457627118644068,29500,0.43837,0
2026-02-13 07:38:24,9900.T,1936.0,-78.0,-3.8728897715988087,-0.9718670076726342,226400,4.383104,0
2026-02-13 07:38:24,9902.T,2470.0,-101.0,-3.9284325165305325,0.2028397565922921,131800,3.25546,0
2026-02-13 07:38:24,9934.T,2748.5,-69.0,-2.4489795918367347,4.267830045523521,260300,7.1543455,0
2026-02-13 07:38:25,9956.T,3655.0,-25.0,-0.6793478260869565,1.8105849582172702,170600,6.23543,0
2026-02-13 07:38:25,9974.T,7820.0,-30.0,-0.3821656050955414,1.5584415584415585,28400,2.22088,0
2026-02-13 07:38:25,9983.T,69150.0,850.0,1.2445095168374818,12.001943634596696,2028200,1402.5003,0
2026-02-13 07:38:26,9984.T,4390.0,-427.0,-8.864438447166286,4.349893035417162,75769800,3326.29422,0
2026-02-13 07:38:26,9989.T,4188.0,-1.0,-0.023872045834328,0.09560229445506692,529600,22.179648,0
2026-02-13 07:38:26,9997.T,976.0,0.0,0.0,2.6288117770767614,210500,2.05448,0
