Timestamp,symbol,Last,Change,Change%,MOM5%,Volume,Value(億JPY),Turnover%
2026-10-09 13:31:47,1301.T,4455.0,-10.0,-0.22396416573348266,-2.7292576419213974,38200,1.70181,0
2026-10-09 13:31:47,1332.T,1085.0,2.5,0.23094688221709006,-2.9950827000447027,2519700,27.338745,0
2026-10-09 13:31:48,1333.T,1187.0,-5.5,-0.46121593291404617,-3.6525974025974026,692800,8.223536,0
2026-10-09 13:31:48,1376.T,1506.0,14.0,0.938337801608579,-3.8314176245210727,15800,0.237948,0
2026-10-09 13:31:48,1379.T,2013.0,13.0,0.65,-1.7569546120058566,72600,1.461438,0
2026-10-09 13:31:49,1414.T,1212.0,7.5,0.62266500622665,-3.733121525019857,1167100,14.145252,0
2026-10-09 13:31:49,1605.T,3640.0,15.0,0.41379310344827586,0.8031016338964275,4324700,157.41908,0
2026-10-09 13:31:50,1721.T,5571.0,32.0,0.577721610398989,2.577794144724728,891900,49.687749,0
2026-10-09 13:31:50,1801.T,11750.0,-25.0,-0.21231422505307856,-3.6885245901639343,889900,104.56325,0
2026-10-09 13:31:50,1802.T,2850.5,2.5,0.08778089887640449,-4.409792085848424,3429100,97.7464955,0
2026-10-09 13:31:51,1803.T,2031.5,-7.0,-0.3433897473632573,-4.422488826158551,3853200,78.277758,0
2026-10-09 13:31:51,1812.T,4735.0,-22.0,-0.46247635064116044,-4.091553575045574,2112800,100.04108,0
2026-10-09 13:31:51,1820.T,5115.0,4.0,0.0782625709254549,-4.195542236373853,185900,9.508785,0
2026-10-09 13:31:56,1824.T,0.0,0.0,0.0,0.0,0,0.0,0
2026-10-09 13:31:57,1860.T,1341.0,7.0,0.5247376311844079,-6.158152554233729,810900,10.874169,0
2026-10-09 13:31:57,1861.T,1196.0,3.0,0.2514668901927913,-4.852824184566428,979800,11.718408,0
2026-10-09 13:31:57,1867.T,2682.0,-16.0,-0.5930318754633062,-1.251840942562592,3600,0.096552,0
2026-10-09 13:31:58,1878.T,3147.0,36.0,1.1571841851494697,0.0,1827300,57.505131,0
2026-10-09 13:32:02,1881.T,0.0,0.0,0.0,0.0,0,0.0,0
2026-10-09 13:32:02,1893.T,1381.5,-3.5,-0.2527075812274368,-6.179966044142614,1256300,17.3557845,0
2026-10-09 13:32:03,1911.T,1175.5,4.5,0.3842869342442357,-2.12323064113239,3031000,35.629405,0
2026-10-09 13:32:03,1925.T,2158.0,-8.0,-0.3693444136657433,-0.8044127786715698,4508900,97.302062,0
2026-10-09 13:32:04,1926.T,935.0,1.0,0.10706638115631692,-5.268490374873354,512000,4.7872,0
2026-10-09 13:32:04,1928.T,3349.0,15.0,0.4499100179964007,-0.6231454005934718,2269400,76.002206,0
2026-10-09 13:32:05,1942.T,5352.0,31.0,0.5825972561548581,-2.7262813522355507,1085900,58.117368,0
2026-10-09 13:32:05,1944.T,6599.0,19.0,0.2887537993920973,-3.424557295477828,1032300,68.121477,0
2026-10-09 13:32:06,1945.T,2075.0,-4.0,-0.1924001924001924,-1.6587677725118484,117500,2.438125,0
2026-10-09 13:32:06,1951.T,2521.5,5.0,0.1986886548778065,-0.6501182033096926,466400,11.760276,0
2026-10-09 13:32:07,1959.T,7808.0,45.0,0.5796728069045471,-2.813044560617376,142700,11.142016,0
2026-10-09 13:32:07,1963.T,2159.5,19.5,0.9112149532710281,-4.256262469518954,1457400,31.472553,0
2026-10-09 13:32:08,1969.T,4370.0,-42.0,-0.9519492293744334,-6.783276450511945,669100,29.23967,0
2026-10-09 13:32:12,1973.T,0.0,0.0,0.0,0.0,0,0.0,0
2026-10-09 13:32:12,2002.T,1984.0,1.5,0.07566204287515763,0.32869785082174463,889500,17.64768,0
2026-10-09 13:32:12,2127.T,622.5,6.0,0.9732360097323601,-0.4,1578100,9.8236725,0
2026-10-09 13:32:13,2130.T,698.0,-3.0,-0.42796005706134094,-9.35064935064935,94500,0.65961,0
2026-10-09 13:32:13,2138.T,416.0,4.0,0.9708737864077669,-2.803738317757009,10700,0.044512,0
2026-10-09 13:32:13,2146.T,243.0,5.0,2.100840336134454,1.6736401673640167,2872500,6.980175,0
2026-10-09 13:32:14,2154.T,1989.0,18.0,0.91324200913242,-1.093983092988563,128200,2.549898,0
2026-10-09 13:32:14,2169.T,1749.0,-1.0,-0.05714285714285715,-0.625,900,0.015741,0
2026-10-09 13:32:14,2181.T,285.20001220703125,5.0,1.7844396081987506,1.098903238725237,5711700,16.289769097229005,0
2026-10-09 13:32:15,2183.T,200.0,-2.0,-0.9900990099009901,-0.9900990099009901,799800,1.5996,0
2026-10-09 13:32:15,2201.T,2384.0,15.5,0.654422630356766,0.40008422825858075,327300,7.802832,0
2026-10-09 13:32:16,2206.T,5021.0,28.0,0.5607850991387944,-0.039816842524387816,140400,7.049484,0
2026-10-09 13:32:16,2207.T,3460.0,85.0,2.5185185185185186,2.5185185185185186,42400,1.46704,0
2026-10-09 13:32:16,2211.T,2499.0,9.0,0.3614457831325301,0.040032025620496396,26400,0.659736,0
2026-10-09 13:32:17,2222.T,2565.5,75.5,3.032128514056225,4.16159155501421,1029600,26.414388,0
2026-10-09 13:32:17,2267.T,2805.5,47.0,1.7038245423237266,2.092430858806405,996200,27.948391,0
2026-10-09 13:32:18,2269.T,4206.0,30.0,0.7183908045977011,0.8391273076000958,871600,36.659496,0
2026-10-09 13:32:18,2282.T,2034.5,27.5,1.3702042850024914,1.3197211155378485,1337200,27.205334,0
2026-10-09 13:32:18,2286.T,888.0,0.0,0.0,-1.0033444816053512,2000,0.01776,0
2026-10-09 13:32:19,2296.T,4870.0,25.0,0.5159958720330238,0.0,78100,3.80347,0
2026-10-09 13:32:19,2317.T,433.0,8.0,1.8823529411764703,2.3640661938534278,768100,3.325873,0
2026-10-09 13:32:19,2325.T,4385.0,55.0,1.2702078521939952,-3.2008830022075054,17800,0.78053,0
2026-10-09 13:32:20,2331.T,1165.0,12.0,1.0407632263660018,-1.1874469889737065,1314500,15.313925,0
2026-10-09 13:32:20,2337.T,388.0,1.0,0.2583979328165375,-1.0204081632653061,887800,3.444664,0
2026-10-09 13:32:21,2338.T,101.0,-1.0,-0.9803921568627451,-6.481481481481481,58300,0.058883,0
2026-10-09 13:32:21,2371.T,3840.0,35.0,0.9198423127463863,0.9198423127463863,281400,10.80576,0
2026-10-09 13:32:21,2379.T,1762.0,-7.0,-0.395703787450537,-1.7837235228539576,214800,3.784776,0
2026-10-09 13:32:22,2395.T,1443.0,18.0,1.263157894736842,9.070294784580499,162900,2.350647,0
2026-10-09 13:32:26,2412.T,0.0,0.0,0.0,0.0,0,0.0,0
2026-10-09 13:32:30,2427.T,0.0,0.0,0.0,0.0,0,0.0,0
2026-10-09 13:32:30,2432.T,2507.0,25.5,1.0276042716099134,-1.9362409544298846,970800,24.337956,0
2026-10-09 13:32:31,2433.T,1307.0,11.5,0.8876881512929371,-0.0764525993883792,641400,8.383098,0
2026-10-09 13:32:31,2501.T,1857.5,36.5,2.0043931905546404,1.6137855579868707,1230700,22.8602525,0
2026-10-09 13:32:32,2502.T,1580.0,21.0,1.3470173187940988,-0.9404388714733543,8044700,127.10626,0
2026-10-09 13:32:32,2503.T,2800.0,49.5,1.7996727867660427,-1.5644225698716823,3060400,85.6912,0
2026-10-09 13:32:32,2531.T,2589.5,87.5,3.4972022382094328,-0.9751434034416827,1145500,29.6627225,0
2026-10-09 13:32:33,2579.T,3813.0,59.0,1.5716568993074054,-1.9794344473007712,836000,31.87668,0
2026-10-09 13:32:33,2607.T,4453.0,122.0,2.8169014084507045,4.825800376647834,409700,18.243941,0
2026-10-09 13:32:38,2651.T,0.0,0.0,0.0,0.0,0,0.0,0
2026-10-09 13:32:38,2670.T,2852.5,-16.0,-0.5577828133170646,4.89060489060489,921100,26.2743775,0
2026-10-09 13:32:39,2681.T,2087.0,8.0,0.3848003848003848,-9.102787456445993,169400,3.535378,0
2026-10-09 13:32:39,2685.T,3075.0,35.0,1.151315789473684,1.151315789473684,283000,8.70225,0
2026-10-09 13:32:39,2702.T,7640.0,20.0,0.26246719160104987,1.0582010582010581,670300,51.21092,0
2026-10-09 13:32:40,2768.T,5340.0,-2.0,-0.037439161362785474,-4.761904761904762,941800,50.29212,0
2026-10-09 13:32:40,2784.T,2230.0,4.0,0.17969451931716085,-1.7837480731116493,302500,6.74575,0
2026-10-09 13:32:44,2786.T,0.0,0.0,0.0,0.0,0,0.0,0
2026-10-09 13:32:44,2801.T,1755.0,18.5,1.0653613590555715,5.691056910569105,4429600,77.73948,0
2026-10-09 13:32:45,2802.T,5399.0,106.0,2.0026450028339315,2.6425855513307983,2566800,138.581532,0
2026-10-09 13:32:45,2809.T,4280.0,-80.0,-1.834862385321101,-2.394526795895097,1131800,48.44104,0
2026-10-09 13:32:46,2811.T,2716.5,38.0,1.4187044987866344,2.2971191865938616,310700,8.4401655,0
2026-10-09 13:32:46,2815.T,5160.0,30.0,0.5847953216374269,1.7751479289940828,100000,5.16,0
2026-10-09 13:32:46,2871.T,2099.5,29.0,1.4006278676648154,-0.6859035004730369,1238300,25.9981085,0
2026-10-09 13:32:47,2875.T,10150.0,85.0,0.8445106805762544,5.90567612687813,378500,38.41775,0
2026-10-09 13:32:47,2897.T,2939.0,67.5,2.3506877938359745,3.723310393506264,990700,29.116673,0
2026-10-09 13:32:48,2914.T,7230.0,270.0,3.8793103448275863,5.455075845974329,8322800,601.73844,0
2026-10-09 13:32:48,2915.T,1985.0,14.0,0.7102993404363267,-0.25125628140703515,26200,0.52007,0
2026-10-09 13:32:48,3003.T,1670.0,21.0,1.2734990903577925,-2.9069767441860463,2688200,44.89294,0
2026-10-09 13:32:49,3036.T,3235.0,80.0,2.535657686212361,-6.367583212735166,134400,4.34784,0
2026-10-09 13:32:49,3048.T,1653.0,21.5,1.31780570027582,-0.7505253677574302,1387000,22.92711,0
2026-10-09 13:32:49,3050.T,1518.0,0.0,0.0,-0.39370078740157477,491100,7.454898,0
2026-10-09 13:32:50,3064.T,2250.0,102.5,4.772991850989523,14.8838396732193,3693200,83.097,0
2026-10-09 13:32:50,3067.T,458.0,5.0,1.1037527593818985,0.881057268722467,12900,0.059082,0
2026-10-09 13:32:50,3076.T,2995.0,33.0,1.1141120864280891,-0.4983388704318937,82000,2.4559,0
2026-10-09 13:32:51,3086.T,2756.0,12.5,0.455622380171314,4.770956091997719,1623200,44.735392,0
2026-10-09 13:32:51,3092.T,1150.0,19.0,1.6799292661361624,4.735883424408015,2890700,33.24305,0
2026-10-09 13:32:52,3099.T,1716.5,-13.5,-0.7803468208092486,4.600853138330287,3454700,59.2999255,0
2026-10-09 13:32:52,3101.T,1647.0,7.0,0.426829268292683,-1.0810810810810811,493800,8.132886,0
2026-10-09 13:32:52,3103.T,1454.0,13.0,0.9021512838306732,-7.916402786573781,2733500,39.74509,0
2026-10-09 13:32:53,3105.T,2664.5,-53.0,-1.9503219871205153,0.3956292388847023,974600,25.968217,0
2026-10-09 13:32:53,3110.T,3415.0,-110.0,-3.120567375886525,2.39880059970015,3607700,123.202955,0
2026-10-09 13:32:53,3116.T,2138.0,-11.5,-0.535008141428239,-2.262857142857143,434400,9.287472,0
2026-10-09 13:32:58,3141.T,0.0,0.0,0.0,0.0,0,0.0,0
2026-10-09 13:32:58,3148.T,3100.0,25.0,0.8130081300813009,-4.468412942989214,145300,4.5043,0
2026-10-09 13:32:58,3167.T,1312.0,-3.0,-0.22813688212927757,-2.235469448584203,423900,5.561568,0
2026-10-09 13:32:59,3182.T,1669.0,41.0,2.5184275184275187,1.0902483343428226,91400,1.525466,0
2026-10-09 13:32:59,3186.T,2630.0,-2.0,-0.07598784194528875,-5.802292263610315,666700,17.53421,0
2026-10-09 13:32:59,3197.T,3300.0,64.0,1.9777503090234856,4.100946372239748,840200,27.7266,0
2026-10-09 13:33:00,3201.T,1976.0,87.0,4.605611434621492,1.9082001031459517,128800,2.545088,0
2026-10-09 13:33:00,3222.T,791.0,-1.0,-0.12626262626262627,-2.706027060270603,415400,3.285814,0
2026-10-09 13:33:00,3231.T,847.5,5.29998779296875,0.6293027447339785,-3.109638942201515,3198300,27.1055925,0
2026-10-09 13:33:04,3254.T,0.0,0.0,0.0,0.0,0,0.0,0
2026-10-09 13:33:05,3267.T,622.0,6.0,0.974025974025974,-4.601226993865031,22800,0.141816,0
2026-10-09 13:33:05,3288.T,7475.0,15.0,0.20107238605898123,0.322104415514696,297600,22.2456,0
2026-10-09 13:33:05,3291.T,2133.0,-3.0,-0.1404494382022472,-1.4780600461893765,547300,11.673909,0
2026-10-09 13:33:06,3302.T,2927.0,11.0,0.3772290809327846,-2.59567387687188,53400,1.563018,0
2026-10-09 13:33:06,3315.T,93.0,0.0,0.0,-3.125,6882500,6.400725,0
2026-10-09 13:33:07,3360.T,2458.5,8.5,0.3469387755102041,0.24464831804281345,153400,3.771339,0
2026-10-09 13:33:07,3382.T,1991.5,4.0,0.2012578616352201,-0.4001000250062516,12223500,243.4310025,0
2026-10-09 13:33:07,3391.T,2123.5,-8.5,-0.398686679174484,1.3120229007633588,2513400,53.372049,0
2026-10-09 13:33:08,3401.T,1640.5,0.0,0.0,-1.2936221419975933,482600,7.917053,0
2026-10-09 13:33:08,3402.T,1234.0,7.0,0.5704971475142625,0.20300446609825418,5502700,67.903318,0
2026-10-09 13:33:09,3405.T,1835.0,28.5,1.5776363133130362,2.2284122562674096,1288500,23.643975,0
2026-10-09 13:33:09,3407.T,1585.5,-65.0,-3.9382005452893063,-3.8799636253410124,5894900,93.4636395,0
2026-10-09 13:33:09,3415.T,345.0,1.0,0.29069767441860467,-3.361344537815126,357300,1.232685,0
2026-10-09 13:33:10,3436.T,3426.0,-47.0,-1.3532968615030232,-1.3248847926267282,12032400,412.230024,0
2026-10-09 13:33:10,3437.T,2590.0,-5.0,-0.1926782273603083,-1.0317157050057317,100,0.00259,0
2026-10-09 13:33:11,3439.T,703.0,16.0,2.3289665211062593,2.7777777777777777,3100,0.021793,0
2026-10-09 13:33:11,3443.T,1303.0,-7.0,-0.5343511450381679,-5.167394468704512,178200,2.321946,0
2026-10-09 13:33:11,3501.T,1162.0,-5.0,-0.42844901456726653,-0.7685738684884714,33000,0.38346,0
2026-10-09 13:33:12,3529.T,1010.0,3.0,0.29791459781529295,-2.4154589371980677,77300,0.78073,0
2026-10-09 13:33:12,3543.T,2786.0,-3.0,-0.10756543564001435,-1.5547703180212016,170900,4.761274,0
2026-10-09 13:33:12,3549.T,4138.0,22.0,0.5344995140913509,11.506332524925895,306600,12.687108,0
2026-10-09 13:33:13,3563.T,5454.0,64.0,1.1873840445269017,7.193396226415095,2255700,123.025878,0
2026-10-09 13:33:13,3569.T,3495.0,55.0,1.5988372093023258,5.909090909090909,159300,5.567535,0
2026-10-09 13:33:13,3571.T,699.0,4.0,0.5755395683453237,-0.7102272727272727,3500,0.024465,0
2026-10-09 13:33:18,3606.T,0.0,0.0,0.0,0.0,0,0.0,0
2026-10-09 13:33:18,3626.T,4174.0,136.0,3.368003962357603,5.724417426545086,790200,32.982948,0
2026-10-09 13:33:23,3630.T,0.0,0.0,0.0,0.0,0,0.0,0
2026-10-09 13:33:23,3659.T,2639.0,39.0,1.5,-0.6587615283267457,2407300,63.528647,0
2026-10-09 13:33:23,3662.T,912.0,8.0,0.8849557522123894,-4.201680672268908,84800,0.773376,0
2026-10-09 13:33:24,3665.T,401.0,-3.0,-0.7425742574257426,-3.3734939759036147,282300,1.132023,0
2026-10-09 13:33:24,3668.T,389.0,8.0,2.099737532808399,-8.254716981132075,606000,2.35734,0
2026-10-09 13:33:25,3676.T,1050.0,0.0,0.0,-0.09514747859181732,94600,0.9933,0
2026-10-09 13:33:29,3681.T,0.0,0.0,0.0,0.0,0,0.0,0
2026-10-09 13:33:29,3687.T,2213.0,50.0,2.311604253351826,-3.488879197557784,497700,11.014101,0
2026-10-09 13:33:29,3694.T,484.0,15.0,3.1982942430703627,2.5423728813559325,133000,0.64372,0
2026-10-09 13:33:30,3765.T,2382.0,44.0,1.8819503849443968,-1.6109045848822798,225600,5.373792,0
2026-10-09 13:33:30,3769.T,8922.0,351.0,4.095204760238012,3.7321241716079525,373300,33.305826,0
2026-10-09 13:33:30,3778.T,3775.0,55.0,1.478494623655914,-5.625,632700,23.884425,0
2026-10-09 13:33:31,3861.T,832.2999877929688,3.89996337890625,0.4707826248151963,-1.4329744518292837,4621800,38.46724083581543,0
2026-10-09 13:33:31,3863.T,1272.0,18.0,1.4354066985645932,-3.343465045592705,548700,6.979464,0
2026-10-09 13:33:32,3865.T,854.0,5.0,0.5889281507656066,-3.5028248587570623,213600,1.824144,0
2026-10-09 13:33:32,3877.T,2111.0,1.0,0.047393364928909956,-3.5191956124314445,12000,0.25332,0
2026-10-09 13:33:32,3880.T,931.0,1.0,0.10752688172043011,-3.9215686274509802,258800,2.409428,0
2026-10-09 13:33:33,3896.T,409.0,-2.0,-0.48661800486618007,-2.386634844868735,7300,0.029857,0
2026-10-09 13:33:37,3919.T,0.0,0.0,0.0,0.0,0,0.0,0
2026-10-09 13:33:37,3923.T,1134.0,50.5,4.660821412090447,11.504424778761061,2171200,24.621408,0
2026-10-09 13:33:38,3926.T,409.0,5.0,1.2376237623762376,-1.9184652278177456,29600,0.121064,0
2026-10-09 13:33:38,3932.T,1295.0,49.0,3.932584269662921,0.5434782608695652,370700,4.800565,0
2026-10-09 13:33:42,3938.T,0.0,0.0,0.0,0.0,0,0.0,0
2026-10-09 13:33:43,3962.T,1043.0,32.0,3.165182987141444,2.7586206896551726,301300,3.142559,0
2026-10-09 13:33:43,3964.T,1350.0,23.0,1.7332328560663148,-1.5317286652078774,326600,4.4091,0
2026-10-09 13:33:43,4004.T,17575.0,140.0,0.8029825064525381,10.569361434413338,2446600,429.98995,0
2026-10-09 13:33:44,4005.T,572.7000122070312,-0.20001220703125,-0.03491223573184761,-1.2756358714602292,11773400,67.42626323718262,0
2026-10-09 13:33:44,4021.T,9090.0,70.0,0.7760532150776054,7.523066004258339,691200,62.83008,0
2026-10-09 13:33:44,4041.T,3685.0,15.0,0.4087193460490463,-0.8075370121130552,92400,3.40494,0
2026-10-09 13:33:45,4042.T,2601.5,17.0,0.6577674598568389,-1.6446124763705106,1461200,38.013118,0
2026-10-09 13:33:45,4043.T,4084.0,19.0,0.46740467404674046,-0.4630757981964416,505400,20.640536,0
2026-10-09 13:33:46,4044.T,4590.0,20.0,0.437636761487965,0.437636761487965,61500,2.82285,0
2026-10-09 13:33:46,4046.T,2112.0,-12.0,-0.5649717514124294,2.3255813953488373,488900,10.325568,0
2026-10-09 13:33:46,4061.T,3248.0,10.0,0.3088326127239036,0.3708281829419036,502200,16.311456,0
2026-10-09 13:33:47,4062.T,11515.0,-295.0,-2.497883149872989,-4.0016673614005835,8981500,1034.219725,0
2026-10-09 13:33:47,4063.T,6085.0,-36.0,-0.5881391929423296,0.9623361539737847,5488600,333.98131,0
2026-10-09 13:33:47,4064.T,3710.0,55.0,1.5047879616963065,-1.4608233731739706,45000,1.6695,0
2026-10-09 13:33:48,4088.T,2837.0,3.0,0.1058574453069866,-2.6424159231297186,472500,13.404825,0
2026-10-09 13:33:48,4091.T,5490.0,19.0,0.3472856881740084,1.5914137675795705,633700,34.79013,0
2026-10-09 13:33:48,4099.T,2620.0,70.0,2.7450980392156863,9.623430962343097,932500,24.4315,0
2026-10-09 13:33:49,4100.T,1824.0,54.0,3.050847457627119,-10.059171597633137,53600,0.977664,0
2026-10-09 13:33:49,4114.T,2565.5,43.5,1.724821570182395,0.4502740798747063,525000,13.468875,0
2026-10-09 13:33:50,4116.T,1299.0,18.0,1.405152224824356,-0.8396946564885497,137700,1.788723,0
2026-10-09 13:33:50,4151.T,2222.5,13.5,0.6111362607514712,-2.756508422664625,1497400,33.279715,0
2026-10-09 13:33:50,4182.T,3885.0,-24.0,-0.6139677666922486,-0.8928571428571428,1284500,49.902825,0
2026-10-09 13:33:51,4183.T,2056.0,-60.5,-2.8584927947082446,-2.8814359943316012,3697400,76.018544,0
2026-10-09 13:33:55,4185.T,0.0,0.0,0.0,0.0,0,0.0,0
2026-10-09 13:33:55,4186.T,9334.0,-8.0,-0.08563476771569258,4.477277815088426,1200900,112.092006,0
2026-10-09 13:33:55,4188.T,1143.0,-13.5,-1.1673151750972763,-1.0389610389610389,7767200,88.779096,0
2026-10-09 13:33:56,4202.T,1458.0,18.0,1.25,1.4966933518969718,1178600,17.183988,0
2026-10-09 13:33:56,4203.T,9320.0,83.0,0.8985601385731299,9.698681732580038,665100,61.98732,0
2026-10-09 13:33:57,4204.T,2524.0,-7.5,-0.2962670353545329,-0.4339250493096647,1556500,39.28606,0
2026-10-09 13:33:57,4205.T,2405.0,-3.5,-0.14531866306829977,-1.2320328542094456,642700,15.456935,0
2026-10-09 13:33:57,4206.T,4330.0,47.0,1.097361662386178,2.7527289985761745,207700,8.99341,0
2026-10-09 13:33:58,4208.T,3358.0,19.0,0.5690326445043427,-0.7976366322008863,669300,22.475094,0
2026-10-09 13:34:02,4217.T,0.0,0.0,0.0,0.0,0,0.0,0
2026-10-09 13:34:02,4218.T,1860.0,8.0,0.4319654427645789,-1.639344262295082,21900,0.40734,0
2026-10-09 13:34:03,4246.T,1066.0,5.0,0.47125353440150797,0.0,101300,1.079858,0
2026-10-09 13:34:03,4272.T,2118.0,4.5,0.21291696238466998,-0.5633802816901409,412500,8.73675,0
2026-10-09 13:34:07,4282.T,0.0,0.0,0.0,0.0,0,0.0,0
2026-10-09 13:34:08,4290.T,678.0,12.0,1.8018018018018018,-0.8771929824561403,707800,4.798884,0
2026-10-09 13:34:08,4293.T,487.0,0.0,0.0,-3.180914512922465,489500,2.383865,0
2026-10-09 13:34:12,4298.T,0.0,0.0,0.0,0.0,0,0.0,0
2026-10-09 13:34:13,4307.T,5613.0,272.0,5.09267927354428,12.013570145679505,4937600,277.147488,0
2026-10-09 13:34:13,4318.T,842.0,11.0,1.3237063778580023,-0.4728132387706856,125700,1.058394,0
2026-10-09 13:34:17,4321.T,0.0,0.0,0.0,0.0,0,0.0,0
2026-10-09 13:34:18,4324.T,3596.0,25.0,0.7000840100812098,0.8978675645342313,1224100,44.018636,0
2026-10-09 13:34:18,4343.T,2692.0,20.0,0.7485029940119761,-0.4805914972273568,75400,2.029768,0
2026-10-09 13:34:23,4348.T,0.0,0.0,0.0,0.0,0,0.0,0
2026-10-09 13:34:23,4362.T,2805.0,31.0,1.117519826964672,5.095541401273886,71000,1.99155,0
2026-10-09 13:34:24,4368.T,3490.0,120.0,3.5608308605341246,4.179104477611941,510500,17.81645,0
2026-10-09 13:34:24,4403.T,2562.5,24.5,0.9653270291568163,0.5099039027260247,645400,16.538375,0
2026-10-09 13:34:25,4404.T,2184.0,0.0,0.0,-1.042138649750793,9200,0.200928,0
2026-10-09 13:34:25,4406.T,229.0,3.0,1.3274336283185841,-4.184100418410042,114700,0.262663,0
2026-10-09 13:34:25,4409.T,841.0,10.0,1.203369434416366,-5.9284116331096195,6800,0.057188,0
2026-10-09 13:34:26,4410.T,1098.0,-8.0,-0.7233273056057866,-4.521739130434783,115900,1.272582,0
2026-10-09 13:34:26,4412.T,1388.0,-27.0,-1.9081272084805656,-4.931506849315069,27100,0.376148,0
2026-10-09 13:34:26,4414.T,1120.0,-2.0,-0.17825311942959002,-2.7777777777777777,100,0.00112,0
2026-10-09 13:34:27,4443.T,2219.0,86.0,4.031879981247069,8.24390243902439,2062900,45.775751,0
2026-10-09 13:34:27,4471.T,1642.0,13.0,0.798035604665439,-0.6654567453115547,297200,4.880024,0
2026-10-09 13:34:27,4475.T,1894.0,159.0,9.164265129682997,6.047032474804031,1664500,31.52563,0
2026-10-09 13:34:28,4477.T,399.0,29.0,7.837837837837839,17.699115044247787,5896700,23.527833,0
2026-10-09 13:34:28,4481.T,3205.0,50.0,1.5847860538827259,-0.3110419906687403,55400,1.77557,0
2026-10-09 13:34:28,4502.T,5843.0,27.0,0.4642365887207703,1.954283720118653,3664000,214.08752,0
2026-10-09 13:34:29,4503.T,2247.5,-0.5,-0.022241992882562275,-2.7266825362475657,5898400,132.56654,0
2026-10-09 13:34:29,4506.T,1591.5,8.5,0.5369551484523057,-2.6605504587155964,3397800,54.075987,0
2026-10-09 13:34:29,4507.T,2744.5,-24.5,-0.8847959552184904,-3.769284712482469,3305800,90.727681,0
2026-10-09 13:34:30,4519.T,6019.0,-88.0,-1.4409693794006877,-2.526315789473684,3116800,187.600192,0
2026-10-09 13:34:30,4521.T,3705.0,-35.0,-0.9358288770053476,-3.389830508474576,166900,6.183645,0
2026-10-09 13:34:31,4523.T,4603.0,-28.0,-0.6046210321744764,-4.758948893027106,1351900,62.227957,0
2026-10-09 13:34:31,4527.T,2693.0,-14.5,-0.5355493998153278,-4.50354609929078,1011700,27.245081,0
2026-10-09 13:34:35,4530.T,0.0,0.0,0.0,0.0,0,0.0,0
2026-10-09 13:34:36,4536.T,1684.0,-1.0,-0.05934718100890207,-0.6196518146946002,905000,15.2402,0
2026-10-09 13:34:40,4541.T,0.0,0.0,0.0,0.0,0,0.0,0
2026-10-09 13:34:40,4543.T,2284.0,-24.5,-1.061295213341997,-2.870508186264087,16341000,373.22844,0
2026-10-09 13:34:41,4547.T,3710.0,15.0,0.40595399188092013,-3.1331592689295036,86900,3.22399,0
2026-10-09 13:34:45,4550.T,0.0,0.0,0.0,0.0,0,0.0,0
2026-10-09 13:34:49,4555.T,0.0,0.0,0.0,0.0,0,0.0,0
2026-10-09 13:34:50,4568.T,2623.0,-30.5,-1.1494252873563218,-4.287538770297391,7552400,198.099452,0
2026-10-09 13:34:50,4578.T,11665.0,-15.0,-0.12842465753424656,1.744439598778892,1476700,172.257055,0
2026-10-09 13:34:54,4581.T,0.0,0.0,0.0,0.0,0,0.0,0
2026-10-09 13:34:55,4587.T,1075.0,22.5,2.137767220902613,-5.119152691968226,579200,6.2264,0
2026-10-09 13:34:55,4612.T,1243.0,13.5,1.0980073200488003,5.338983050847458,4045900,50.290537,0
2026-10-09 13:34:56,4613.T,2877.0,37.5,1.3206550449022716,2.256975297671939,865500,24.900435,0
2026-10-09 13:34:56,4617.T,3655.0,45.0,1.2465373961218837,-0.1366120218579235,104500,3.819475,0
2026-10-09 13:34:56,4619.T,2581.0,29.0,1.1363636363636365,-1.4885496183206106,19400,0.500714,0
2026-10-09 13:34:57,4626.T,4800.0,-2.0,-0.04164931278633903,-0.579950289975145,350900,16.8432,0
2026-10-09 13:34:57,4631.T,5022.0,23.0,0.4600920184036807,0.9244372990353698,417600,20.971872,0
2026-10-09 13:34:58,4651.T,241.0,5.0,2.11864406779661,-2.42914979757085,127900,0.308239,0
2026-10-09 13:34:58,4661.T,2968.5,35.5,1.21036481418343,3.001387925052047,4620500,137.1595425,0
2026-10-09 13:34:58,4665.T,4590.0,-11.0,-0.23907846120408607,-1.4598540145985401,117300,5.38407,0
2026-10-09 13:34:59,4666.T,1743.0,16.0,0.9264620729588882,-5.502846299810247,1903600,33.179748,0
2026-10-09 13:34:59,4668.T,743.0,8.0,1.0884353741496597,-1.196808510638298,46100,0.342523,0
2026-10-09 13:34:59,4681.T,1739.0,19.0,1.1046511627906976,-1.1651037226484797,476800,8.291552,0
2026-10-09 13:35:00,4684.T,5298.0,124.0,2.3965983764978738,5.727399720614647,1799300,95.326914,0
2026-10-09 13:35:00,4689.T,511.29998779296875,18.29998779296875,3.711965069567698,0.8680201123424972,20255200,103.56483512744141,0
2026-10-09 13:35:00,4694.T,3650.0,70.0,1.9553072625698324,0.1371742112482853,91700,3.34705,0
2026-10-09 13:35:01,4704.T,7587.0,355.0,4.908738938053098,13.731074801379103,3061100,232.245657,0
2026-10-09 13:35:05,4708.T,0.0,0.0,0.0,0.0,0,0.0,0
2026-10-09 13:35:06,4716.T,10005.0,149.0,1.5117694805194806,3.3360875852096674,237800,23.79189,0
2026-10-09 13:35:06,4732.T,1797.5,3.5,0.19509476031215162,-1.829601310759148,1600400,28.76719,0
2026-10-09 13:35:10,4739.T,0.0,0.0,0.0,0.0,0,0.0,0
2026-10-09 13:35:15,4745.T,0.0,0.0,0.0,0.0,0,0.0,0
2026-10-09 13:35:15,4751.T,1253.5,32.5,2.661752661752662,1.2111425111021397,4992600,62.582241,0
2026-10-09 13:35:15,4755.T,659.5999755859375,9.39996337890625,1.4457033531880636,-3.2419005758183856,17665200,116.51965488720703,0
2026-10-09 13:35:16,4768.T,4006.0,164.0,4.268610098906819,9.036472509526401,2992000,119.85952,0
2026-10-09 13:35:16,4812.T,2868.0,2.0,0.06978367062107467,0.20964360587002098,587500,16.8495,0
2026-10-09 13:35:17,4816.T,2841.0,12.0,0.4241781548250266,-4.214430209035738,704100,20.003481,0
2026-10-09 13:35:17,4825.T,1901.0,-46.0,-2.362609142270159,-3.6980749746707198,693700,13.187237,0
2026-10-09 13:35:17,4832.T,1844.0,6.0,0.3264417845484222,-3.7075718015665795,20400,0.376176,0
2026-10-09 13:35:18,4849.T,1838.0,64.0,3.6076662908680945,5.632183908045977,171600,3.154008,0
2026-10-09 13:35:18,4887.T,1629.5,16.5,1.022938623682579,1.431683784624961,368100,5.9981895,0
2026-10-09 13:35:18,4901.T,3427.0,11.0,0.32201405152224827,1.0020630710285883,3836800,131.487136,0
2026-10-09 13:35:19,4902.T,639.2000122070312,-4.0,-0.621890535461074,-5.191337787940044,4713000,30.12549657531738,0
2026-10-09 13:35:19,4911.T,3286.0,42.0,1.2946979038224413,-3.5798122065727704,1887800,62.033108,0
2026-10-09 13:35:20,4912.T,1768.5,20.0,1.143837575064341,1.6379310344827587,737200,13.037382,0
2026-10-09 13:35:20,4914.T,1285.0,18.0,1.420678768745067,-0.07776049766718507,174300,2.239755,0
2026-10-09 13:35:24,4917.T,0.0,0.0,0.0,0.0,0,0.0,0
2026-10-09 13:35:24,4922.T,5514.0,77.0,1.4162221813500093,0.6388027012228509,283300,15.621162,0
2026-10-09 13:35:25,4927.T,1380.5,10.0,0.7296607077708865,0.9875640087783468,413600,5.709748,0
2026-10-09 13:35:25,4951.T,1500.0,9.0,0.6036217303822937,-0.5964214711729622,34200,0.513,0
2026-10-09 13:35:26,4958.T,3390.0,50.0,1.4970059880239521,1.1940298507462688,61600,2.08824,0
2026-10-09 13:35:26,4967.T,7238.0,32.0,0.44407438245906194,3.562741450851338,237000,17.15406,0
2026-10-09 13:35:26,4968.T,2493.0,102.0,4.265997490589712,4.880100967606226,160100,3.991293,0
2026-10-09 13:35:27,4970.T,10700.0,80.0,0.7532956685499058,1.0387157695939566,38800,4.1516,0
2026-10-09 13:35:27,4971.T,7500.0,160.0,2.17983651226158,5.042016806722689,317100,23.7825,0
2026-10-09 13:35:31,4974.T,0.0,0.0,0.0,0.0,0,0.0,0
2026-10-09 13:35:32,4975.T,6250.0,160.0,2.6272577996715927,4.865771812080537,84000,5.25,0
2026-10-09 13:35:32,4980.T,3586.0,22.0,0.6172839506172839,7.365269461077845,2308900,82.797154,0
2026-10-09 13:35:32,4985.T,4700.0,20.0,0.4273504273504274,1.511879049676026,46800,2.1996,0
2026-10-09 13:35:33,4994.T,2521.0,21.0,0.84,-4.507575757575758,10400,0.262184,0
2026-10-09 13:35:37,5002.T,0.0,0.0,0.0,0.0,0,0.0,0
2026-10-09 13:35:41,5009.T,0.0,0.0,0.0,0.0,0,0.0,0
2026-10-09 13:35:41,5019.T,1504.5,8.0,0.5345806882726362,-1.5057283142389526,5360000,80.6412,0
2026-10-09 13:35:42,5021.T,4020.0,4.0,0.099601593625498,-3.45821325648415,464000,18.6528,0
2026-10-09 13:35:42,5026.T,630.0,17.0,2.7732463295269167,1.1235955056179776,132200,0.83286,0
2026-10-09 13:35:42,5027.T,823.0,41.0,5.242966751918159,-0.6038647342995169,260700,2.145561,0
2026-10-09 13:35:43,5101.T,7345.0,61.0,0.8374519494783086,2.727272727272727,847900,62.278255,0
2026-10-09 13:35:43,5105.T,4059.0,64.0,1.6020025031289111,3.493115757266701,681200,27.649908,0
2026-10-09 13:35:44,5108.T,3913.0,31.0,0.7985574446161773,1.8479958355023425,2907300,113.762649,0
2026-10-09 13:35:44,5110.T,2019.0,10.5,0.5227781926811054,-0.1483679525222552,1084000,21.88596,0
2026-10-09 13:35:45,5201.T,5728.0,-77.0,-1.326442721791559,-1.0195265249697598,1358100,77.791968,0
2026-10-09 13:35:48,5202.T,0.0,0.0,0.0,0.0,0,0.0,0
2026-10-09 13:35:48,5208.T,2880.0,23.0,0.8050402520126007,1.694915254237288,163600,4.71168,0
2026-10-09 13:35:49,5214.T,5217.0,-2.0,-0.03832151753209427,2.798029556650246,696400,36.331188,0
2026-10-09 13:35:49,5218.T,1783.0,90.0,5.316007088009451,6.194163192376415,201100,3.585613,0
2026-10-09 13:35:53,5232.T5233.T,0.0,0.0,0.0,0.0,0,0.0,0
2026-10-09 13:35:54,5237.T,1104.0,0.0,0.0,-6.281833616298811,5700,0.062928,0
2026-10-09 13:35:54,5261.T,7510.0,10.0,0.13333333333333333,-1.8300653594771243,6200,0.46562,0
2026-10-09 13:35:54,5287.T,835.0,13.0,1.5815085158150852,-8.039647577092511,19100,0.159485,0
2026-10-09 13:35:55,5301.T,2277.5,-20.0,-0.8705114254624592,-1.5135135135135136,1376800,31.35662,0
2026-10-09 13:35:55,5332.T,6068.0,15.0,0.24781100280852472,0.3306878306878307,1013300,61.487044,0
2026-10-09 13:35:56,5333.T,5630.0,20.0,0.35650623885918004,1.1498383039885016,1589200,89.47196,0
2026-10-09 13:35:56,5334.T,3828.0,-26.0,-0.6746237675142709,-0.18252933507170796,2104900,80.575572,0
2026-10-09 13:35:56,5344.T,58310.0,-150.0,-0.2565856996236743,-0.3588516746411483,95700,55.80267,0
2026-10-09 13:35:57,5367.T,1468.0,44.0,3.089887640449438,-1.8060200668896322,150000,2.202,0
2026-10-09 13:35:57,5401.T,629.4000244140625,-1.89996337890625,-0.3009604650157751,-3.169227013221154,28197000,177.4719248840332,0
2026-10-09 13:35:57,5406.T,1987.5,11.5,0.5819838056680162,-0.946922501868926,1815200,36.0771,0
2026-10-09 13:35:58,5411.T,1683.5,7.0,0.41753653444676403,-3.302699597932223,3753700,63.1935395,0
2026-10-09 13:36:02,5413.T,0.0,0.0,0.0,0.0,0,0.0,0
2026-10-09 13:36:02,5423.T,1611.0,-13.0,-0.8004926108374385,-3.763440860215054,222500,3.584475,0
2026-10-09 13:36:03,5444.T,12300.0,-290.0,-2.3034154090548054,1.4014839241549877,209400,25.7562,0
2026-10-09 13:36:03,5449.T,2321.0,58.0,2.562969509500663,-5.26530612244898,21600,0.501336,0
2026-10-09 13:36:03,5451.T,1394.0,6.0,0.43227665706051877,-0.35739814152966404,306400,4.271216,0
2026-10-09 13:36:04,5463.T,1640.5,-4.0,-0.2432350258437215,-2.0597014925373136,447900,7.3477995,0
2026-10-09 13:36:04,5471.T,2446.0,-6.5,-0.26503567787971455,-1.8065034122842234,848500,20.75431,0
2026-10-09 13:36:08,5486.T,0.0,0.0,0.0,0.0,0,0.0,0
2026-10-09 13:36:13,5489.T,0.0,0.0,0.0,0.0,0,0.0,0
2026-10-09 13:36:13,5541.T,2354.0,-19.0,-0.8006742520016856,-11.303692539562924,267600,6.299304,0
2026-10-09 13:36:14,5602.T,1578.0,-2.0,-0.12658227848101267,-2.8923076923076922,193900,3.059742,0
2026-10-09 13:36:14,5631.T,6791.0,-129.0,-1.8641618497109829,-6.331034482758621,871600,59.190356,0
2026-10-09 13:36:14,5703.T,2743.0,4.0,0.14603870025556773,-4.954954954954955,193800,5.315934,0
2026-10-09 13:36:15,5706.T,2659.0,-56.0,-2.0626151012891345,7.892067356461757,13897900,369.545161,0
2026-10-09 13:36:15,5707.T,855.0,6.0,0.7067137809187279,-8.064516129032258,282400,2.41452,0
2026-10-09 13:36:16,5711.T,4839.0,44.0,0.9176225234619395,-4.1971886755098,1358100,65.718459,0
2026-10-09 13:36:16,5713.T,9406.0,143.0,1.5437763143689949,-3.725690890481064,2241900,210.873114,0
2026-10-09 13:36:16,5714.T,8482.0,77.0,0.9161213563355145,-4.492737304357617,497800,42.223396,0
2026-10-09 13:36:17,5715.T,3800.0,-35.0,-0.9126466753585397,-6.6339066339066335,262400,9.9712,0
2026-10-09 13:36:17,5726.T,2277.0,-3.0,-0.13157894736842105,-7.626774847870182,569300,12.962961,0
2026-10-09 13:36:17,5801.T,4096.0,-124.0,-2.938388625592417,-0.4133236080719669,22065300,903.794688,0
2026-10-09 13:36:18,5802.T,2360.5,-37.5,-1.5638031693077563,-0.3588011819333052,16169700,381.6857685,0
2026-10-09 13:36:18,5803.T,5413.0,-99.0,-1.7960812772133528,0.8383010432190761,29905400,1618.779302,0
2026-10-09 13:36:18,5857.T,3465.0,25.0,0.7267441860465116,-2.11864406779661,494900,17.148285,0
2026-10-09 13:36:19,5901.T,4357.0,7.0,0.16091954022988506,-2.527964205816555,417100,18.173047,0
2026-10-09 13:36:19,5902.T,2550.0,18.0,0.7109004739336493,-2.448355011476664,21900,0.55845,0
2026-10-09 13:36:20,5938.T,1684.0,12.0,0.7177033492822966,-0.2960331557134399,1891100,31.846124,0
2026-10-09 13:36:20,5947.T,3351.0,1.0,0.029850746268656716,-1.4411764705882353,343900,11.524089,0
2026-10-09 13:36:20,5957.T,745.0,3.0,0.40431266846361186,-2.8683181225554106,94700,0.705515,0
2026-10-09 13:36:21,5975.T,3375.0,40.0,1.199400299850075,0.2971768202080238,81700,2.757375,0
2026-10-09 13:36:21,5981.T,1826.0,31.0,1.7270194986072425,-2.975557917109458,52200,0.953172,0
2026-10-09 13:36:22,5985.T,2580.0,22.0,0.8600469116497262,4.032258064516129,577000,14.8866,0
2026-10-09 13:36:22,5991.T,3785.0,-58.0,-1.5092375748113454,8.297567954220316,742000,28.0847,0
2026-10-09 13:36:22,6027.T,5290.0,250.0,4.9603174603174605,2.1235521235521233,211400,11.18306,0
2026-10-09 13:36:23,6035.T,746.0,12.0,1.6348773841961852,-0.6657789613848202,45800,0.341668,0
2026-10-09 13:36:23,6036.T,3725.0,25.0,0.6756756756756757,9.558823529411764,134700,5.017575,0
2026-10-09 13:36:23,6047.T,368.0,8.0,2.2222222222222223,-2.9023746701846966,63700,0.234416,0
2026-10-09 13:36:24,6055.T,2412.0,29.0,1.2169534200587495,0.7098121085594989,300500,7.24806,0
2026-10-09 13:36:24,6058.T,1994.0,70.0,3.6382536382536386,0.9620253164556962,360500,7.18837,0
2026-10-09 13:36:24,6062.T,1404.0,18.0,1.2987012987012987,-0.2840909090909091,51800,0.727272,0
2026-10-09 13:36:25,6070.T,2520.0,57.0,2.3142509135200973,-1.5625,51900,1.30788,0
2026-10-09 13:36:25,6080.T,4425.0,35.0,0.7972665148063782,3.267211201866978,80100,3.544425,0
2026-10-09 13:36:25,6081.T,147.0,4.0,2.797202797202797,3.5211267605633805,129000,0.18963,0
2026-10-09 13:36:26,6089.T,1126.0,12.0,1.0771992818671454,-2.8472821397756687,36700,0.413242,0
2026-10-09 13:36:26,6098.T,17755.0,555.0,3.2267441860465116,5.968367651447329,4034700,716.360985,0
2026-10-09 13:36:26,6103.T,4785.0,85.0,1.8085106382978722,-1.0341261633919339,461000,22.05885,0
2026-10-09 13:36:27,6104.T,4925.0,115.0,2.390852390852391,1.6511867905056758,232800,11.4654,0
2026-10-09 13:36:27,6113.T,2579.0,-1.5,-0.058128269715171474,-1.6399694889397405,1967700,50.746983,0
2026-10-09 13:36:28,6134.T,8436.0,254.0,3.1043754583231484,5.568764860468026,916300,77.299068,0
2026-10-09 13:36:28,6136.T,3653.0,-10.0,-0.273000273000273,0.10961907371882709,451600,16.496948,0
2026-10-09 13:36:28,6141.T,2781.0,-5.0,-0.17946877243359655,-4.825462012320329,1333300,37.079073,0
2026-10-09 13:36:29,6146.T,61460.0,320.0,0.5233889434085706,1.6876240900066182,1503400,923.98964,0
2026-10-09 13:36:29,6149.T,2103.0,39.0,1.88953488372093,-3.5321100917431196,4300,0.090429,0
2026-10-09 13:36:29,6178.T,2355.5,-19.0,-0.8001684565171615,-6.1179752889597445,5319900,125.3102445,0
2026-10-09 13:36:30,6184.T,609.0,19.0,3.2203389830508473,-0.6525285481239804,133400,0.812406,0
2026-10-09 13:36:30,6189.T,980.0,3.0,0.3070624360286591,-1.0101010101010102,3300,0.03234,0
2026-10-09 13:36:30,6194.T,943.0,25.0,2.7233115468409586,0.21253985122210414,260200,2.453686,0
2026-10-09 13:36:31,6200.T,695.0,15.0,2.2058823529411766,3.5767511177347244,359100,2.495745,0
2026-10-09 13:36:35,6201.T,0.0,0.0,0.0,0.0,0,0.0,0
2026-10-09 13:36:35,6203.T,2327.0,47.0,2.06140350877193,-8.023715415019762,769200,17.899284,0
2026-10-09 13:36:40,6210.T,0.0,0.0,0.0,0.0,0,0.0,0
2026-10-09 13:36:40,6217.T,736.0,-14.0,-1.866666666666667,-8.34371108343711,61100,0.449696,0
2026-10-09 13:36:40,6218.T,643.0,-5.0,-0.7716049382716049,-3.74251497005988,6100,0.039223,0
2026-10-09 13:36:41,6232.T,1226.0,26.0,2.166666666666667,-5.6923076923076925,571400,7.005364,0
2026-10-09 13:36:41,6235.T,2845.0,90.0,3.2667876588021776,1.9347903977069152,297600,8.46672,0
2026-10-09 13:36:41,6238.T,1434.0,29.0,2.0640569395017794,1.1283497884344147,98300,1.409622,0
2026-10-09 13:36:42,6268.T,4859.0,64.0,1.3347236704900938,-2.3316582914572863,895300,43.502627,0
2026-10-09 13:36:42,6273.T,73120.0,1340.0,1.8668152688771245,-0.4086080087169709,276900,202.46928,0
2026-10-09 13:36:42,6277.T,6550.0,70.0,1.0802469135802468,-0.9077155824508321,45400,2.9737,0
2026-10-09 13:36:43,6282.T,2718.0,10.0,0.3692762186115214,-3.9575971731448765,67200,1.826496,0
2026-10-09 13:36:43,6284.T,8390.0,250.0,3.0712530712530715,-1.6412661195779603,49600,4.16144,0
2026-10-09 13:36:44,6291.T,1311.0,8.0,0.6139677666922486,-2.237136465324385,19800,0.259578,0
2026-10-09 13:36:44,6301.T,7298.0,-99.0,-1.3383804244964175,-3.8978140637345273,2991300,218.305074,0
2026-10-09 13:36:44,6302.T,5837.0,-56.0,-0.9502799932122857,-4.405502784146741,960800,56.081896,0
2026-10-09 13:36:45,6305.T,5502.0,-48.0,-0.8648648648648649,-2.099644128113879,1014300,55.806786,0
2026-10-09 13:36:45,6309.T,1957.0,39.0,2.0333680917622523,0.2048131080389145,156400,3.060748,0
2026-10-09 13:36:45,6310.T,1831.0,-9.0,-0.48913043478260876,-3.6315789473684212,127700,2.338187,0
2026-10-09 13:36:46,6324.T,6220.0,60.0,0.974025974025974,-5.900151285930408,791000,49.2002,0
2026-10-09 13:36:46,6326.T,2626.5,2.0,0.07620499142693847,-3.4729878721058434,3862300,101.4433095,0
2026-10-09 13:36:47,6327.T,3070.0,-20.0,-0.6472491909385114,-6.402439024390244,215800,6.62506,0
2026-10-09 13:36:47,6328.T,2498.0,60.0,2.461033634126333,-0.23961661341853036,54000,1.34892,0
2026-10-09 13:36:47,6330.T,2425.0,3.0,0.12386457473162675,-11.818181818181818,2148900,52.110825,0
2026-10-09 13:36:48,6332.T,2501.0,10.0,0.40144520272982737,-6.887565152643335,353200,8.833532,0
2026-10-09 13:36:48,6333.T,3570.0,125.0,3.6284470246734397,-0.5571030640668524,31300,1.11741,0
2026-10-09 13:36:48,6339.T,1083.0,4.0,0.3707136237256719,-5.989583333333334,188600,2.042538,0
2026-10-09 13:36:49,6340.T,5900.0,220.0,3.873239436619718,5.734767025089606,85900,5.0681,0
2026-10-09 13:36:49,6345.T,1409.0,4.0,0.2846975088967972,-2.0166898470097356,163000,2.29667,0
2026-10-09 13:36:50,6349.T,1987.0,35.0,1.7930327868852458,1.6888433981576252,186900,3.713703,0
2026-10-09 13:36:50,6361.T,4785.0,67.0,1.420093259855871,0.588606264452386,2496400,119.45274,0
2026-10-09 13:36:50,6366.T,645.0,2.0,0.3110419906687403,-4.726735598227474,2474000,15.9573,0
2026-10-09 13:36:51,6367.T,21170.0,180.0,0.857551214864221,0.8815820824398379,1270900,269.04953,0
2026-10-09 13:36:51,6368.T,2779.0,66.0,2.4327312937707335,7.504835589941973,1413500,39.281165,0
2026-10-09 13:36:51,6370.T,7777.0,39.0,0.5040062031532695,-0.9046890927624873,401100,31.193547,0
2026-10-09 13:36:52,6371.T,2616.0,30.0,1.160092807424594,-1.4318010550113038,236300,6.181608,0
2026-10-09 13:36:52,6376.T,3735.0,55.0,1.4945652173913044,5.211267605633803,391900,14.637465,0
2026-10-09 13:36:53,6383.T,5773.0,57.0,0.9972008397480756,-1.0116598079561043,1610400,92.968392,0
2026-10-09 13:36:53,6395.T,1305.0,4.0,0.3074558032282859,-3.11804008908686,331800,4.32999,0
2026-10-09 13:36:57,6406.T,0.0,0.0,0.0,0.0,0,0.0,0
2026-10-09 13:36:58,6417.T,2061.5,16.0,0.7822048398924468,-0.24195499637067508,680800,14.034692,0
2026-10-09 13:36:58,6420.T,3375.0,75.0,2.272727272727273,-0.14792899408284024,71200,2.403,0
2026-10-09 13:36:58,6436.T,3813.0,60.0,1.5987210231814548,0.766384778012685,616300,23.499519,0
2026-10-09 13:36:59,6448.T,4576.0,-25.0,-0.5433601391001956,-1.8025751072961373,1208000,55.27808,0
2026-10-09 13:36:59,6454.T,1944.0,49.0,2.5857519788918206,3.9572192513368987,253400,4.926096,0
2026-10-09 13:37:00,6455.T,2473.0,39.0,1.6023007395234181,1.8533772652388796,85400,2.111942,0
2026-10-09 13:37:00,6457.T,4577.0,55.0,1.2162759840778417,3.8574994327206715,173700,7.950249,0
2026-10-09 13:37:00,6460.T,3239.0,32.0,0.9978172747115684,-3.801603801603801,1496000,48.45544,0
2026-10-09 13:37:01,6465.T,5267.0,49.0,0.9390571100038329,0.5344531399121969,332000,17.48644,0
2026-10-09 13:37:01,6471.T,1068.5,-5.5,-0.5121042830540037,-3.1717263253284997,2435000,26.017975,0
2026-10-09 13:37:01,6472.T,373.70001220703125,-1.29998779296875,-0.34666341145833335,-2.3261875991911007,3394600,12.685620614379882,0
2026-10-09 13:37:02,6473.T,2134.0,4.0,0.18779342723004694,-1.3407304669440592,2019600,43.098264,0
2026-10-09 13:37:02,6479.T,3650.0,-30.0,-0.8152173913043478,-4.525241956578603,3124500,114.04425,0
2026-10-09 13:37:03,6481.T,6710.0,219.0,3.3739023262979515,1.5128593040847202,1483800,99.56298,0
2026-10-09 13:37:06,6486.T,0.0,0.0,0.0,0.0,0,0.0,0
2026-10-09 13:37:06,6501.T,5669.0,72.0,1.2864034304091478,2.885662431941924,8136200,461.241178,0
2026-10-09 13:37:07,6503.T,5143.0,92.0,1.821421500692932,-3.1814759036144578,6229300,320.372899,0
2026-10-09 13:37:07,6504.T,15015.0,355.0,2.421555252387449,3.266850068775791,975200,146.42628,0
2026-10-09 13:37:07,6506.T,4783.0,-6.0,-0.1252871163082063,0.08369951872776732,4373200,209.170156,0
2026-10-09 13:37:08,6508.T,12340.0,490.0,4.135021097046414,4.311073541842773,245600,30.30704,0
2026-10-09 13:37:08,6516.T,5680.0,120.0,2.158273381294964,2.527075812274368,107500,6.106,0
2026-10-09 13:37:09,6532.T,8748.0,402.0,4.816678648454349,14.697784187754031,1859100,162.634068,0
2026-10-09 13:37:09,6535.T,488.0,6.0,1.2448132780082988,-1.214574898785425,200600,0.978928,0
2026-10-09 13:37:09,6538.T,235.0,1.0,0.4273504273504274,-4.081632653061225,32100,0.075435,0
2026-10-09 13:37:10,6544.T,1460.5,30.5,2.132867132867133,-0.7138001359619306,859700,12.5559185,0
2026-10-09 13:37:10,6551.T,614.0,4.0,0.6557377049180327,1.3201320132013201,11300,0.069382,0
2026-10-09 13:37:10,6552.T,167.0,1.0,0.6024096385542169,-1.7647058823529411,33300,0.055611,0
2026-10-09 13:37:11,6564.T,1967.0,4.0,0.20376974019358124,3.5263157894736845,48200,0.948094,0
2026-10-09 13:37:11,6586.T,5202.0,32.0,0.6189555125725338,-2.5295109612141653,700500,36.44001,0
2026-10-09 13:37:11,6592.T,1768.0,7.5,0.4260153365521159,1.7846862406447899,671200,11.866816,0
2026-10-09 13:37:12,6594.T,2010.0,-130.0,-6.074766355140187,-4.285714285714286,21282400,427.77624,0
2026-10-09 13:37:12,6596.T,990.0,0.0,0.0,0.0,0,0.0,0
2026-10-09 13:37:16,6641.T,0.0,0.0,0.0,0.0,0,0.0,0
2026-10-09 13:37:17,6645.T,6395.0,56.0,0.8834200978072251,-0.4669260700389105,1306100,83.525095,0
2026-10-09 13:37:21,6670.T,0.0,0.0,0.0,0.0,0,0.0,0
2026-10-09 13:37:21,6674.T,5508.0,-3.0,-0.05443658138268917,0.14545454545454545,497100,27.380268,0
2026-10-09 13:37:22,6701.T,5233.0,155.0,3.052382827884994,8.568464730290456,7503000,392.63199,0
2026-10-09 13:37:22,6701.T,5233.0,155.0,3.052382827884994,8.568464730290456,7503000,392.63199,0
2026-10-09 13:37:22,6702.T,4250.0,125.0,3.0303030303030303,6.196901549225387,9922600,421.7105,0
2026-10-09 13:37:23,6703.T,2616.0,8.0,0.3067484662576687,-3.9647577092511015,467500,12.2298,0
2026-10-09 13:37:23,6723.T,3600.0,-150.0,-4.0,-0.4424778761061947,11965400,430.7544,0
2026-10-09 13:37:24,6724.T,3372.0,-15.0,-0.44286979627989376,2.742230347349177,1735100,58.507572,0
2026-10-09 13:37:24,6727.T,861.0,8.0,0.9378663540445485,-1.6,617500,5.316675,0
2026-10-09 13:37:24,6752.T,4451.0,-42.0,-0.9347874471399956,-2.175824175824176,7732100,344.155771,0
2026-10-09 13:37:25,6753.T,613.7000122070312,-8.70001220703125,-1.3978168164793348,-4.92641174174574,3691000,22.651667450561522,0
2026-10-09 13:37:25,6754.T,3550.0,10.0,0.2824858757062147,2.8687337003767026,981200,34.8326,0
2026-10-09 13:37:26,6758.T,3814.0,108.0,2.914193200215866,0.7129654079746501,15660300,597.283842,0
2026-10-09 13:37:26,6762.T,3268.0,-85.0,-2.5350432448553533,2.125,16078600,525.448648,0
2026-10-09 13:37:26,6770.T,2218.0,10.0,0.4528985507246377,-2.312266020700286,1829200,40.571656,0
2026-10-09 13:37:31,6773.T,0.0,0.0,0.0,0.0,0,0.0,0
2026-10-09 13:37:31,6777.T,23620.0,320.0,1.3733905579399142,3.6874451273046533,197500,46.6495,0
2026-10-09 13:37:32,6794.T,3575.0,35.0,0.9887005649717515,9.494640122511486,185200,6.6209,0
2026-10-09 13:37:32,6798.T,3350.0,5.0,0.14947683109118087,-0.14903129657228018,8900,0.29815,0
2026-10-09 13:37:32,6806.T,25300.0,10.0,0.039541320680110716,-1.171875,119800,30.3094,0
2026-10-09 13:37:33,6807.T,2933.0,96.0,3.38385618611209,9.68586387434555,531800,15.597694,0
2026-10-09 13:37:33,6810.T,2571.0,11.0,0.42968750000000006,-1.2293507491356128,136900,3.519699,0
2026-10-09 13:37:34,6814.T,7930.0,-60.0,-0.7509386733416771,0.8905852417302799,440000,34.892,0
2026-10-09 13:37:34,6817.T,1261.0,0.0,0.0,-1.71473109898675,205900,2.596399,0
2026-10-09 13:37:34,6841.T,4621.0,56.0,1.226725082146769,-2.3869877482044783,1300700,60.105347,0
2026-10-09 13:37:35,6856.T,26330.0,770.0,3.0125195618153366,4.297880768469003,264500,69.64285,0
2026-10-09 13:37:35,6857.T,41610.0,680.0,1.6613730759833862,10.635469290082424,14785500,6152.24655,0
2026-10-09 13:37:35,6861.T,80540.0,540.0,0.675,-0.812807881773399,439700,354.13438,0
2026-10-09 13:37:36,6869.T,1855.0,-27.0,-1.434643995749203,-0.7225046829007226,2452100,45.486455,0
2026-10-09 13:37:36,6871.T,17330.0,1010.0,6.188725490196079,15.68758344459279,2251000,390.0983,0
2026-10-09 13:37:37,6875.T,10780.0,-150.0,-1.3723696248856359,-5.189094107299912,79500,8.5701,0
2026-10-09 13:37:37,6902.T,1826.0,0.0,0.0,-0.7608695652173914,6946300,126.839438,0
2026-10-09 13:37:37,6908.T,2810.0,46.0,1.6642547033285093,-0.7768361581920904,203200,5.70992,0
2026-10-09 13:37:38,6914.T,3305.0,55.0,1.6923076923076923,0.15151515151515152,118100,3.903205,0
2026-10-09 13:37:38,6920.T,48560.0,1950.0,4.183651576914825,6.234959527455699,4824700,2342.87432,0
2026-10-09 13:37:39,6923.T,3512.0,9.0,0.2569226377390808,0.6015468347178459,335700,11.789784,0
2026-10-09 13:37:39,6925.T,4246.0,91.0,2.190132370637786,1.3365155131264916,261500,11.10329,0
2026-10-09 13:37:39,6932.T,2496.0,37.0,1.5046766978446524,-0.7159904534606205,25500,0.63648,0
2026-10-09 13:37:40,6951.T,8380.0,339.0,4.215893545578908,7.0242656449553005,485300,40.66814,0
2026-10-09 13:37:40,6952.T,2227.0,10.0,0.4510599909788002,1.3424345847554038,885100,19.711177,0
2026-10-09 13:37:40,6954.T,6103.0,84.0,1.3955806612394086,-0.39170882976987104,4914400,299.925832,0
2026-10-09 13:37:41,6963.T,4934.0,-162.0,-3.1789638932496076,-3.3496571988246813,4423200,218.240688,0
2026-10-09 13:37:41,6971.T,3746.0,-6.0,-0.15991471215351813,0.4828326180257511,5523300,206.902818,0
2026-10-09 13:37:42,6976.T,11135.0,180.0,1.6430853491556368,10.247524752475247,22462200,2501.16597,0
2026-10-09 13:37:42,6981.T,7970.0,-297.0,-3.5925970726986813,-6.378479971807824,22016800,1754.73896,0
2026-10-09 13:37:42,6988.T,3615.0,89.0,2.524106636415201,2.7864657378447544,5348900,193.362735,0
2026-10-09 13:37:43,6995.T,3025.0,-10.0,-0.3294892915980231,-1.6260162601626018,98800,2.9887,0
2026-10-09 13:37:43,7004.T,1115.0,3.0,0.2697841726618705,-4.94458653026428,673200,7.50618,0
2026-10-09 13:37:44,7011.T,3669.0,-11.0,-0.29891304347826086,-4.502863092139511,12445600,456.629064,0
2026-10-09 13:37:45,7012.T,2278.0,8.0,0.3524229074889868,-3.1462585034013606,6457600,147.104128,0
2026-10-09 13:37:45,7013.T,2625.5,35.5,1.3706563706563706,-3.171676193988567,7879800,206.884149,0
2026-10-09 13:37:45,7186.T,1811.5,-25.5,-1.3881328252585736,-5.847193347193348,5398500,97.7938275,0
2026-10-09 13:37:46,7201.T,284.0,1.0,0.35335689045936397,-3.956716849520997,33023300,93.786172,0
2026-10-09 13:37:46,7202.T,2116.0,3.0,0.14197823000473261,2.3458282950423217,2330900,49.321844,0
2026-10-09 13:37:46,7203.T,2910.5,8.5,0.29290144727773954,-0.49572649572649574,17845800,519.402009,0
2026-10-09 13:37:51,7205.T,0.0,0.0,0.0,0.0,0,0.0,0
2026-10-09 13:37:51,7211.T,354.0,10.5,3.056768558951965,1.929171449042848,9448100,33.446274,0
2026-10-09 13:37:55,7240.T,0.0,0.0,0.0,0.0,0,0.0,0
2026-10-09 13:37:55,7261.T,1085.0,2.5,0.23094688221709006,-1.9430637144148215,4014900,43.561665,0
2026-10-09 13:37:55,7267.T,1726.5,14.0,0.8175182481751826,1.7983490566037736,19526300,337.1215695,0
2026-10-09 13:37:56,7269.T,2039.0,-10.5,-0.5123200780678214,1.797304043934099,8362900,170.519531,0
2026-10-09 13:37:56,7270.T,2539.5,-5.0,-0.19650225977598745,0.09854158454867955,2461700,62.5148715,0
2026-10-09 13:37:56,7272.T,1811.0,-18.5,-1.0112052473353375,0.4158580537843083,4685600,84.856216,0
2026-10-09 13:37:57,7276.T,2737.5,5.5,0.20131771595900438,0.385038503850385,596600,16.331925,0
2026-10-09 13:37:57,7280.T,1288.0,2.0,0.15552099533437014,-4.733727810650888,125800,1.620304,0
2026-10-09 13:37:58,7282.T,1056.0,1.5,0.1422475106685633,1.1978917105893627,2288300,24.164448,0
2026-10-09 13:37:58,7283.T,2201.0,93.0,4.411764705882353,-0.09078529278256922,207400,4.564874,0
2026-10-09 13:37:59,7309.T,17700.0,115.0,0.6539664486778505,-0.39392234102419804,223000,39.471,0
2026-10-09 13:37:59,7313.T,1754.5,3.5,0.19988577955454026,-1.1827654181920586,300500,5.2722725,0
2026-10-09 13:38:00,7322.T,2086.0,-64.0,-2.9767441860465116,-7.576428887904298,338800,7.067368,0
2026-10-09 13:38:00,7327.T,2570.0,-75.0,-2.835538752362949,-7.086044830079537,1303300,33.49481,0
2026-10-09 13:38:00,7337.T,2303.5,-51.5,-2.186836518046709,-4.280074797423644,1475600,33.990446,0
2026-10-09 13:38:01,7343.T,1312.0,-1.0,-0.07616146230007616,-0.07616146230007616,3500,0.04592,0
2026-10-09 13:38:01,7350.T,7530.0,10.0,0.13297872340425532,-5.044136191677175,80500,6.06165,0
2026-10-09 13:38:02,7354.T,360.0,5.0,1.4084507042253522,0.2785515320334262,129700,0.46692,0
2026-10-09 13:38:02,7357.T,1685.0,5.0,0.2976190476190476,-1.5195791934541203,1900,0.032015,0
2026-10-09 13:38:03,7366.T,2011.0,37.0,1.8743667679837892,3.340184994861254,134400,2.702784,0
2026-10-09 13:38:03,7370.T,718.0,9.0,1.2693935119887165,0.4195804195804196,3200,0.022976,0
2026-10-09 13:38:04,7381.T,1250.0,-6.0,-0.47770700636942676,-6.924795234549516,496600,6.2075,0
2026-10-09 13:38:04,7399.T,616.0,5.0,0.8183306055646482,-0.3236245954692557,2000,0.01232,0
2026-10-09 13:38:08,7408.T,0.0,0.0,0.0,0.0,0,0.0,0
2026-10-09 13:38:09,7414.T,1354.0,3.0,0.22205773501110287,-2.7298850574712645,42600,0.576804,0
2026-10-09 13:38:13,7420.T,0.0,0.0,0.0,0.0,0,0.0,0
2026-10-09 13:38:13,7433.T,1904.0,35.0,1.8726591760299627,0.0,337300,6.422192,0
2026-10-09 13:38:14,7447.T,1684.0,2.0,0.11890606420927466,2.996941896024465,104400,1.758096,0
2026-10-09 13:38:14,7453.T,4422.0,42.0,0.9589041095890412,3.9492242595204514,3007400,132.987228,0
2026-10-09 13:38:14,7459.T,2953.5,4.5,0.1525940996948118,0.016931933626820182,343200,10.136412,0
2026-10-09 13:38:15,7476.T,2495.0,17.5,0.7063572149344097,0.10030090270812438,108900,2.717055,0
2026-10-09 13:38:15,7483.T,3025.0,39.0,1.3060951105157401,0.33167495854063017,108000,3.267,0
2026-10-09 13:38:16,7494.T,228.0,1.0,0.4405286343612335,-1.7241379310344827,4200,0.009576,0
2026-10-09 13:38:16,7501.T,1400.0,-3.0,-0.21382751247327159,-4.10958904109589,1600,0.0224,0
2026-10-09 13:38:17,7506.T,1371.0,7.0,0.5131964809384164,0.0,300,0.004113,0
2026-10-09 13:38:21,7518.T,0.0,0.0,0.0,0.0,0,0.0,0
2026-10-09 13:38:21,7522.T,845.0,3.0,0.35629453681710216,-3.318077803203661,151500,1.280175,0
2026-10-09 13:38:22,7532.T,678.0999755859375,-2.10003662109375,-0.30873810399970497,-3.7746610132424725,15979800,108.35901989868164,0
2026-10-09 13:38:22,7550.T,11705.0,390.0,3.4467520989836498,8.480074142724744,839300,98.240065,0
2026-10-09 13:38:22,7554.T,1180.0,12.0,1.0273972602739725,1.549053356282272,60300,0.71154,0
2026-10-09 13:38:23,7564.T,5230.0,-60.0,-1.1342155009451798,-4.562043795620438,497400,26.01402,0
2026-10-09 13:38:23,7570.T,1335.0,13.0,0.9833585476550681,-2.979651162790698,10400,0.13884,0
2026-10-09 13:38:24,7581.T,6730.0,160.0,2.43531202435312,2.90519877675841,338100,22.75413,0
2026-10-09 13:38:24,7600.T,612.0,-7.0,-1.1308562197092082,-0.4878048780487805,111500,0.68238,0
2026-10-09 13:38:24,7606.T,2413.0,9.0,0.37437603993344426,0.33264033264033266,178900,4.316857,0
2026-10-09 13:38:25,7607.T,2965.0,10.0,0.338409475465313,-2.4671052631578947,34200,1.01403,0
2026-10-09 13:38:25,7611.T,3000.0,54.0,1.8329938900203666,2.3541453428863868,159100,4.773,0
2026-10-09 13:38:25,7616.T,2044.0,34.5,1.7168449863150037,2.327909887359199,473300,9.674252,0
2026-10-09 13:38:30,7618.T,0.0,0.0,0.0,0.0,0,0.0,0
2026-10-09 13:38:30,7628.T,1119.0,9.0,0.8108108108108109,-3.4512510785159622,30000,0.3357,0
2026-10-09 13:38:31,7649.T,1227.5,-26.5,-2.113237639553429,-1.6032064128256511,6078700,74.6160425,0
2026-10-09 13:38:31,7701.T,4325.0,102.0,2.415344541794932,8.233233233233234,1652700,71.479275,0
2026-10-09 13:38:31,7702.T,445.0,4.0,0.9070294784580499,-0.8908685968819599,21400,0.09523,0
2026-10-09 13:38:32,7707.T,232.0,5.0,2.2026431718061676,7.4074074074074066,199900,0.463768,0
2026-10-09 13:38:32,7717.T,6930.0,190.0,2.8189910979228485,5.159332321699544,219900,15.23907,0
2026-10-09 13:38:32,7729.T,20590.0,365.0,1.8046971569839305,4.57084814626714,320600,66.01154,0
2026-10-09 13:38:33,7731.T,1874.0,-18.5,-0.977542932628798,-4.387755102040816,1349100,25.282134,0
2026-10-09 13:38:33,7733.T,2000.0,10.0,0.5025125628140703,-0.42320139407518054,4568200,91.364,0
2026-10-09 13:38:34,7735.T,16545.0,635.0,3.9912005028284097,6.125721616420782,2939900,486.406455,0
2026-10-09 13:38:34,7741.T,25055.0,30.0,0.11988011988011987,2.7265272652726527,1195400,299.50747,0
2026-10-09 13:38:35,7747.T,3363.0,-11.0,-0.3260225251926497,-0.05943536404160475,1283900,43.177557,0
2026-10-09 13:38:35,7751.T,4708.0,73.0,1.5749730312837111,0.6843455945252352,3203900,150.839612,0
2026-10-09 13:38:35,7752.T,1725.0,15.5,0.9066978648727698,3.6658653846153846,2493200,43.0077,0
2026-10-09 13:38:36,7762.T,2376.0,21.0,0.89171974522293,-2.1013597033374536,1101700,26.176392,0
2026-10-09 13:38:36,7779.T,211.0,2.0,0.9569377990430622,-8.658008658008658,800300,1.688633,0
2026-10-09 13:38:36,7780.T,1871.0,19.0,1.0259179265658747,5.408450704225352,286500,5.360415,0
2026-10-09 13:38:41,7817.T,0.0,0.0,0.0,0.0,0,0.0,0
2026-10-09 13:38:41,7820.T,660.0,10.0,1.5384615384615385,-4.899135446685879,47500,0.3135,0
2026-10-09 13:38:41,7832.T,5833.0,112.0,1.9576997028491523,1.3553431798436144,3452700,201.395991,0
2026-10-09 13:38:42,7840.T,1272.0,1.0,0.07867820613690008,-1.0116731517509727,40000,0.5088,0
2026-10-09 13:38:42,7846.T,2173.5,40.5,1.89873417721519,2.9850746268656714,265100,5.7619485,0
2026-10-09 13:38:42,7856.T,2026.0,34.0,1.706827309236948,-1.650485436893204,95600,1.936856,0
2026-10-09 13:38:43,7860.T,1226.0,2.0,0.16339869281045752,0.8223684210526315,219500,2.69107,0
2026-10-09 13:38:47,7862.T,0.0,0.0,0.0,0.0,0,0.0,0
2026-10-09 13:38:47,7867.T,4320.0,110.0,2.6128266033254155,2.7837259100642395,638400,27.57888,0
2026-10-09 13:38:48,7868.T,538.0,6.0,1.1278195488721803,0.3731343283582089,196800,1.058784,0
2026-10-09 13:38:48,7911.T,2367.0,6.5,0.2753653886888371,-2.0889348500517064,1910000,45.2097,0
2026-10-09 13:38:49,7912.T,2930.0,-0.5,-0.017061934823408977,-2.2518765638031693,1666000,48.8138,0
2026-10-09 13:38:49,7915.T,1126.0,24.0,2.1778584392014517,3.778801843317972,668300,7.525058,0
2026-10-09 13:38:49,7916.T,1900.0,0.0,0.0,1.1176157530601383,200,0.0038,0
2026-10-09 13:38:53,7925.T,0.0,0.0,0.0,0.0,0,0.0,0
2026-10-09 13:38:54,7931.T,3545.0,65.0,1.8678160919540232,-2.206896551724138,18500,0.655825,0
2026-10-09 13:38:54,7936.T,4474.0,25.0,0.5619240278714317,5.2953636149682275,3660700,163.779718,0
2026-10-09 13:38:54,7947.T,2799.0,16.0,0.5749191519942508,0.6472491909385114,164900,4.615551,0
2026-10-09 13:38:55,7951.T,1203.5,15.0,1.2620950778291964,-1.513911620294599,3288900,39.5819115,0
2026-10-09 13:38:55,7956.T,2099.0,31.5,1.5235792019347039,3.0689909157868893,863500,18.124865,0
2026-10-09 13:38:59,7958.T,0.0,0.0,0.0,0.0,0,0.0,0
2026-10-09 13:39:00,7965.T,1421.0,1.0,0.07042253521126761,-1.1134307585247043,116300,1.652623,0
2026-10-09 13:39:00,7966.T,5880.0,90.0,1.5544041450777202,-0.8431703204047217,1040900,61.20492,0
2026-10-09 13:39:00,7974.T,8146.0,295.0,3.757483123169023,2.5944584382871536,11017700,897.501842,0
2026-10-09 13:39:01,7981.T,2977.0,15.0,0.5064145847400405,-2.0723684210526314,75900,2.259543,0
2026-10-09 13:39:01,7984.T,853.2000122070312,-1.0,-0.11706860052790907,-1.8181804134601556,491900,4.196890860046387,0
2026-10-09 13:39:02,7988.T,2495.5,23.0,0.9302325581395349,2.9072164948453607,505000,12.602275,0
2026-10-09 13:39:02,7990.T,2370.0,43.0,1.8478727975934681,-0.08431703204047217,86000,2.0382,0
2026-10-09 13:39:02,7994.T,2198.0,32.0,1.477377654662973,-1.875,225400,4.954292,0
2026-10-09 13:39:03,7995.T,7410.0,220.0,3.05980528511822,7.860262008733625,82800,6.13548,0
2026-10-09 13:39:03,8001.T,2155.0,16.5,0.7715688566752397,-2.1566401816118046,14625800,315.18599,0
2026-10-09 13:39:04,8002.T,4702.0,-8.0,-0.16985138004246286,-2.6903973509933774,3616700,170.057234,0
2026-10-09 13:39:04,8015.T,7121.0,-88.0,-1.220696351782494,-1.8199365779677374,2393000,170.40553,0
2026-10-09 13:39:04,8016.T,741.0,42.0,6.008583690987124,4.513399153737659,4384600,32.489886,0
2026-10-09 13:39:05,8020.T,2248.0,17.5,0.7845774490024657,0.0,492300,11.066904,0
2026-10-09 13:39:05,8022.T,4325.0,45.0,1.0514018691588785,3.221957040572793,125200,5.4149,0
2026-10-09 13:39:06,8031.T,4775.0,11.0,0.23089840470193115,-2.868185516680228,5360200,255.94955,0
2026-10-09 13:39:06,8035.T,12445.0,255.0,2.0918785890073828,-1.0731319554848966,13709400,1706.13483,0
2026-10-09 13:39:06,8053.T,1708.0,8.5,0.5001471020888497,-2.4835854981444476,9529000,162.75532,0
2026-10-09 13:39:07,8056.T,4790.0,90.0,1.9148936170212765,2.4598930481283423,462500,22.15375,0
2026-10-09 13:39:07,8058.T,4596.0,6.0,0.130718954248366,-2.6683608640406606,6794900,312.293604,0
2026-10-09 13:39:07,8060.T,3850.0,66.0,1.744186046511628,2.6392961876832843,299500,11.53075,0
2026-10-09 13:39:08,8061.T,2982.0,44.0,1.4976174268209665,0.5394470667565745,107700,3.211614,0
2026-10-09 13:39:08,8078.T,1857.0,16.0,0.8690928843020097,-0.37553648068669526,537400,9.979518,0
2026-10-09 13:39:09,8086.T,1319.0,-11.5,-0.864336715520481,-2.332469455757127,903400,11.915846,0
2026-10-09 13:39:09,8088.T,1945.5,-7.0,-0.3585147247119078,-3.5926660059464814,447600,8.708058,0
2026-10-09 13:39:13,8096.T,0.0,0.0,0.0,0.0,0,0.0,0
2026-10-09 13:39:14,8098.T,4310.0,25.0,0.5834305717619603,-2.598870056497175,102000,4.3962,0
2026-10-09 13:39:14,8113.T,957.5999755859375,6.5999755859375,0.694003741949264,2.2094087557336497,6022200,57.66858572973633,0
2026-10-09 13:39:15,8117.T,1991.0,-27.0,-1.3379583746283448,-6.305882352941176,420200,8.366182,0
2026-10-09 13:39:15,8129.T,3687.0,13.0,0.3538377789874796,-1.548731642189586,116000,4.27692,0
2026-10-09 13:39:16,8136.T,1237.0,35.0,2.9118136439267883,3.8187159043222825,11371500,140.665455,0
2026-10-09 13:39:16,8138.T,4145.0,0.0,0.0,0.48484848484848486,100,0.004145,0
2026-10-09 13:39:16,8150.T,3365.0,65.0,1.9696969696969695,-0.4437869822485207,56200,1.89113,0
2026-10-09 13:39:17,8153.T,3895.0,30.0,0.7761966364812419,1.564537157757497,256600,9.99457,0
2026-10-09 13:39:17,8160.T,2336.0,22.0,0.9507346585998271,0.9071274298056156,100200,2.340672,0
2026-10-09 13:39:17,8167.T,1429.0,22.0,1.5636105188343994,-1.3121546961325967,56200,0.803098,0
2026-10-09 13:39:18,8174.T,911.0,-14.5999755859375,-1.5773526329984182,-3.618283089858898,1269300,11.563323,0
2026-10-09 13:39:18,8194.T,2464.0,-15.0,-0.6050826946349335,-6.454062262718299,481500,11.86416,0
2026-10-09 13:39:18,8218.T,3740.0,5.0,0.13386880856760375,0.0,108200,4.04668,0
2026-10-09 13:39:19,8233.T,2141.0,0.5,0.023359028264424198,2.759779217662587,1686400,36.105824,0
2026-10-09 13:39:19,8242.T,2795.0,5.0,0.17921146953405018,2.1937842778793417,309700,8.656115,0
2026-10-09 13:39:20,8252.T,2751.0,5.5,0.20032780914223275,-0.775473399458972,976300,26.858013,0
2026-10-09 13:39:20,8253.T,4237.0,-26.0,-0.6098991320666197,-5.571651437486071,1336800,56.640216,0
2026-10-09 13:39:24,8256.T,0.0,0.0,0.0,0.0,0,0.0,0
2026-10-09 13:39:24,8267.T,1211.0,9.5,0.7906783187682065,-3.1199999999999997,9805400,118.743394,0
2026-10-09 13:39:25,8273.T,935.0,4.0,0.4296455424274973,-2.4008350730688934,379100,3.544585,0
2026-10-09 13:39:25,8278.T,1916.0,-3.0,-0.1563314226159458,-4.629168740666999,232000,4.44512,0
2026-10-09 13:39:26,8282.T,1657.0,12.0,0.729483282674772,-5.449358059914408,831500,13.777955,0
2026-10-09 13:39:29,8283.T,0.0,0.0,0.0,0.0,0,0.0,0
2026-10-09 13:39:29,8291.T,533.0,-1.0,-0.18726591760299627,-2.380952380952381,90100,0.480233,0
2026-10-09 13:39:30,8304.T,3267.0,-41.0,-1.2394195888754533,-6.4164995703236904,1041800,34.035606,0
2026-10-09 13:39:30,8306.T,3462.0,-42.0,-1.1986301369863013,-3.4578918014500837,34400600,1190.948772,0
2026-10-09 13:39:30,8308.T,2396.5,-43.0,-1.7626562820250051,-3.1129977764301597,12827300,307.4062445,0
2026-10-09 13:39:31,8309.T,1687.5,-16.5,-0.9683098591549295,-5.116671352263143,10060600,169.772625,0
2026-10-09 13:39:31,8316.T,3256.0,-41.0,-1.24355474673946,-3.75406443984629,18614000,606.07184,0
2026-10-09 13:39:32,8331.T,2668.0,-38.5,-1.4225013855532975,-5.607641960021228,5562500,148.4075,0
2026-10-09 13:39:32,8334.T,2909.5,-35.0,-1.1886568177958907,-5.135311379197914,1236400,35.973058,0
2026-10-09 13:39:32,8336.T,2804.0,-38.0,-1.3370865587614356,-2.9085872576177287,344000,9.64576,0
2026-10-09 13:39:33,8341.T,3874.0,-131.0,-3.2709113607990012,-5.443007078350012,1370000,53.0738,0
2026-10-09 13:39:33,8354.T,7453.0,-93.0,-1.2324410283593956,-4.3014894709809965,1093700,81.513461,0
2026-10-09 13:39:37,8355.T,0.0,0.0,0.0,0.0,0,0.0,0
2026-10-09 13:39:42,8369.T,0.0,0.0,0.0,0.0,0,0.0,0
2026-10-09 13:39:42,8377.T,824.2999877929688,-23.29998779296875,-2.748936817377997,-6.605482597511375,5457700,44.987820433776854,0
2026-10-09 13:39:46,8379.T,0.0,0.0,0.0,0.0,0,0.0,0
2026-10-09 13:39:50,8382.T,0.0,0.0,0.0,0.0,0,0.0,0
2026-10-09 13:39:55,8385.T,0.0,0.0,0.0,0.0,0,0.0,0
2026-10-09 13:39:55,8395.T,6660.0,-160.0,-2.346041055718475,-4.034582132564841,60300,4.01598,0
2026-10-09 13:39:55,8410.T,338.3999938964844,-1.899993896484375,-0.5583291109726077,-0.9657647622638772,3503200,11.854828586181641,0
2026-10-09 13:39:56,8411.T,8214.0,-136.0,-1.62874251497006,-4.610382069446057,10111400,830.550396,0
2026-10-09 13:39:56,8418.T,3325.0,-116.0,-3.3711130485324037,-5.054254711593375,964100,32.056325,0
2026-10-09 13:39:56,8421.T,187800.0,200.0,0.10660980810234541,-0.7399577167019027,81,0.152118,0
2026-10-09 13:39:57,8424.T,4208.0,33.0,0.7904191616766467,-3.7951531778692273,212700,8.950416,0
2026-10-09 13:39:57,8439.T,2574.0,23.0,0.901607212857703,-1.9054878048780488,703800,18.115812,0
2026-10-09 13:39:57,8473.T,3042.0,77.0,2.596964586846543,-3.642698764649984,3419300,104.015106,0
2026-10-09 13:39:58,8508.T,774.0,-1.0,-0.12903225806451613,-2.1491782553729455,913900,7.073586,0
2026-10-09 13:39:58,8511.T,2232.0,16.0,0.7220216606498195,-8.18593171534348,469300,10.474776,0
2026-10-09 13:40:02,8515.T,0.0,0.0,0.0,0.0,0,0.0,0
2026-10-09 13:40:03,8522.T,6670.0,-180.0,-2.627737226277372,-7.617728531855955,132000,8.8044,0
2026-10-09 13:40:03,8524.T,1270.0,-33.0,-2.532617037605526,-6.95970695970696,1619300,20.56511,0
2026-10-09 13:40:04,8566.T,6210.0,10.0,0.16129032258064516,-6.051437216338881,53900,3.34719,0
2026-10-09 13:40:04,8570.T,1460.5,-5.5,-0.3751705320600273,-3.787878787878788,797500,11.6474875,0
2026-10-09 13:40:04,8585.T,771.0,-6.0,-0.7722007722007722,-3.865336658354115,745400,5.747034,0
2026-10-09 13:40:05,8591.T,5770.0,19.0,0.33037732568249,-2.385383183894434,2964400,171.04588,0
2026-10-09 13:40:05,8593.T,1304.5,9.5,0.7335907335907336,-1.5471698113207546,4740200,61.835909,0
2026-10-09 13:40:05,8595.T,2227.0,12.0,0.5417607223476297,0.2927268633190723,348200,7.754414,0
2026-10-09 13:40:06,8601.T,1736.0,-6.0,-0.3444316877152698,-3.6893203883495143,4733900,82.180504,0
2026-10-09 13:40:06,8604.T,1486.5,-3.5,-0.2348993288590604,-4.003874717468518,9230200,137.206923,0
2026-10-09 13:40:07,8609.T,1218.0,22.0,1.839464882943144,-1.8533440773569703,496600,6.048588,0
2026-10-09 13:40:07,8616.T,876.0,8.0,0.9216589861751152,-1.4623172103487065,966800,8.469168,0
2026-10-09 13:40:07,8617.T,606.0,8.0,1.3377926421404682,0.0,3600,0.021816,0
2026-10-09 13:40:08,8622.T,837.0,18.0,2.197802197802198,-6.688963210702341,197900,1.656423,0
2026-10-09 13:40:08,8630.T,6567.0,22.0,0.33613445378151263,-0.8006042296072509,2570100,168.778467,0
2026-10-09 13:40:12,8634.T,0.0,0.0,0.0,0.0,0,0.0,0
2026-10-09 13:40:13,8697.T,2270.0,18.5,0.8216744392627138,-2.449505801461109,5230700,118.73689,0
2026-10-09 13:40:13,8698.T,675.0,14.0,2.118003025718608,-4.526166902404526,1393900,9.408825,0
2026-10-09 13:40:13,8699.T,1115.0,1.0,0.08976660682226212,0.17969451931716085,64300,0.716945,0
2026-10-09 13:40:18,8703.T,0.0,0.0,0.0,0.0,0,0.0,0
2026-10-09 13:40:18,8704.T,1395.0,56.0,4.182225541448843,-2.9902642559109873,101800,1.42011,0
2026-10-09 13:40:18,8706.T,1735.0,26.0,1.5213575190169688,-2.9099048684946838,160600,2.78641,0
2026-10-09 13:40:19,8725.T,4895.0,39.0,0.8031301482701811,0.18419975440032746,3948700,193.288865,0
2026-10-09 13:40:19,8729.T,149.1999969482422,2.6999969482421875,1.8430013298581485,-2.6109661094519336,45627000,68.07548260757446,0
2026-10-09 13:40:23,8732.T,0.0,0.0,0.0,0.0,0,0.0,0
2026-10-09 13:40:24,8750.T,1785.0,-8.5,-0.47393364928909953,-1.8151815181518154,8175800,145.93803,0
2026-10-09 13:40:28,8754.T,0.0,0.0,0.0,0.0,0,0.0,0
2026-10-09 13:40:32,8755.T,0.0,0.0,0.0,0.0,0,0.0,0
2026-10-09 13:40:32,8766.T,525.7000122070312,7.60003662109375,1.4669054196535332,0.9021136673764396,94656300,497.6081806547241,0
2026-10-09 13:40:33,8795.T,4735.0,0.0,0.0,-0.8376963350785341,900700,42.648145,0
2026-10-09 13:40:33,8798.T,72.0,3.0,4.3478260869565215,-19.101123595505616,112000,0.08064,0
2026-10-09 13:40:34,8801.T,1442.5,17.5,1.2280701754385965,-2.2033898305084745,11336600,163.530455,0
2026-10-09 13:40:34,8802.T,3465.0,23.0,0.6682161533991865,-3.5356347438752787,4906100,169.996365,0
2026-10-09 13:40:35,8804.T,3175.0,18.0,0.5701615457713018,-2.457757296466974,869100,27.593925,0
2026-10-09 13:40:35,8830.T,3077.0,2.0,0.06504065040650406,-3.238993710691824,3326100,102.344097,0
2026-10-09 13:40:35,8835.T,766.0,-2.0,-0.26041666666666663,-3.2828282828282833,13600,0.104176,0
2026-10-09 13:40:40,8840.T,0.0,0.0,0.0,0.0,0,0.0,0
2026-10-09 13:40:40,8848.T,1003.0,2.0,0.1998001998001998,-1.6666666666666667,2602400,26.102072,0
2026-10-09 13:40:40,8850.T,4490.0,-10.0,-0.2222222222222222,-3.2327586206896552,68900,3.09361,0
2026-10-09 13:40:41,8860.T,694.0,-1.0,-0.14388489208633093,-3.744798890429958,60400,0.419176,0
2026-10-09 13:40:41,8864.T,907.0,9.0,1.0022271714922049,-3.5106382978723407,58600,0.531502,0
2026-10-09 13:40:41,8871.T,2917.0,3.0,0.10295126973232671,-5.138211382113822,86400,2.520288,0
2026-10-09 13:40:42,8876.T,2407.5,13.5,0.5639097744360901,5.245901639344262,496500,11.9532375,0
2026-10-09 13:40:42,8897.T,418.0,-2.0,-0.4761904761904762,-4.5662100456621,531700,2.222506,0
2026-10-09 13:40:46,8905.T,0.0,0.0,0.0,0.0,0,0.0,0
2026-10-09 13:40:47,8914.T,855.0,16.0,1.907032181168057,0.9445100354191263,87200,0.74556,0
2026-10-09 13:40:47,8923.T,1655.0,30.0,1.8461538461538463,-4.500865551067513,252100,4.172255,0
2026-10-09 13:40:47,8934.T,2130.0,19.0,0.9000473709142587,-6.373626373626373,177300,3.77649,0
2026-10-09 13:40:52,8940.T,0.0,0.0,0.0,0.0,0,0.0,0
2026-10-09 13:40:52,9001.T,2778.0,12.5,0.451997830410414,-0.6970509383378015,651100,18.087558,0
2026-10-09 13:40:53,9005.T,1577.5,0.5,0.03170577045022194,-1.7440049828713795,2703600,42.64929,0
2026-10-09 13:40:53,9007.T,1722.5,6.0,0.34954849985435477,0.2619324796274738,1101200,18.96817,0
2026-10-09 13:40:53,9008.T,747.7000122070312,0.79998779296875,0.10710774759933024,-0.703849640500498,1837400,13.738240024291992,0
2026-10-09 13:40:54,9009.T,1312.0,12.5,0.9619084263178146,-1.2048192771084338,1950900,25.595808,0
2026-10-09 13:40:54,9020.T,3376.0,26.0,0.7761194029850746,1.503307276007216,3049000,102.93424,0
2026-10-09 13:40:55,9021.T,2903.5,35.5,1.2377963737796374,0.05168849069607167,2794300,81.1325005,0
2026-10-09 13:40:55,9022.T,3633.0,1.0,0.027533039647577095,-1.0620915032679739,2226200,80.877846,0
2026-10-09 13:40:55,9024.T,3696.0,103.0,2.866685221263568,4.436281435433739,1247600,46.111296,0
2026-10-09 13:40:56,9031.T,2800.0,12.5,0.4484304932735426,-1.926444833625219,192300,5.3844,0
2026-10-09 13:40:56,9039.T,2986.0,23.0,0.7762402969962876,1.8070235254006135,48500,1.44821,0
2026-10-09 13:40:57,9041.T,3466.0,29.0,0.8437590922315974,3.462686567164179,511800,17.738988,0
2026-10-09 13:40:57,9042.T,4571.0,95.0,2.122430741733691,4.839449541284404,1270000,58.0517,0
2026-10-09 13:40:57,9044.T,3063.0,-6.0,-0.19550342130987292,1.5583554376657824,417400,12.784962,0
2026-10-09 13:40:58,9045.T,3165.0,41.0,1.3124199743918052,1.0859150431172149,210900,6.674985,0
2026-10-09 13:40:58,9048.T,1846.0,7.0,0.38064165307232195,-0.027078256160303276,717000,13.23582,0
2026-10-09 13:40:58,9052.T,1914.0,14.0,0.7368421052631579,-1.4418125643666324,30900,0.591426,0
2026-10-09 13:41:03,9062.T,0.0,0.0,0.0,0.0,0,0.0,0
2026-10-09 13:41:03,9064.T,2052.0,28.0,1.383399209486166,3.662541045718616,1331300,27.318276,0
2026-10-09 13:41:04,9065.T,1588.0,1.0,0.0630119722747322,-0.21991831605403708,773100,12.276828,0
2026-10-09 13:41:04,9069.T,2368.0,16.0,0.6802721088435374,3.4286962218825074,499500,11.82816,0
2026-10-09 13:41:08,9070.T,0.0,0.0,0.0,0.0,0,0.0,0
2026-10-09 13:41:09,9076.T,2607.5,6.0,0.23063617143955412,0.21137586471944658,373800,9.746835,0
2026-10-09 13:41:13,9078.T,0.0,0.0,0.0,0.0,0,0.0,0
2026-10-09 13:41:17,9086.T,0.0,0.0,0.0,0.0,0,0.0,0
2026-10-09 13:41:18,9090.T,844.0,2.0,0.23752969121140144,-1.4018691588785046,250400,2.113376,0
2026-10-09 13:41:22,9099.T,0.0,0.0,0.0,0.0,0,0.0,0
2026-10-09 13:41:22,9101.T,7358.0,132.0,1.8267367838361475,3.0676565345286457,2555400,188.026332,0
2026-10-09 13:41:23,9104.T,7301.0,183.0,2.57094689519528,3.5162342265702535,2897500,211.546475,0
2026-10-09 13:41:23,9107.T,3369.0,90.0,2.7447392497712717,3.2169117647058822,4553700,153.414153,0
2026-10-09 13:41:24,9110.T,10510.0,-10.0,-0.09505703422053231,0.0,20100,2.11251,0
2026-10-09 13:41:24,9115.T,1025.0,18.0,1.787487586891758,1.2845849802371543,43400,0.44485,0
2026-10-09 13:41:28,9179.T,0.0,0.0,0.0,0.0,0,0.0,0
2026-10-09 13:41:33,9182.T,0.0,0.0,0.0,0.0,0,0.0,0
2026-10-09 13:41:33,9201.T,3027.0,24.0,0.7992007992007992,0.1654533421575116,2213200,66.993564,0
2026-10-09 13:41:33,9202.T,2915.5,8.5,0.29239766081871343,-1.8680578929653315,1932400,56.339122,0
2026-10-09 13:41:34,9206.T,1901.0,1.0,0.05263157894736842,-1.041124414367517,1000,0.01901,0
2026-10-09 13:41:38,9207.T,0.0,0.0,0.0,0.0,0,0.0,0
2026-10-09 13:41:42,9232.T,0.0,0.0,0.0,0.0,0,0.0,0
2026-10-09 13:41:42,9301.T,1465.0,4.5,0.3081136597055803,-0.136332651670075,790100,11.574965,0
2026-10-09 13:41:43,9303.T,4160.0,35.0,0.8484848484848486,1.9607843137254901,89100,3.70656,0
2026-10-09 13:41:43,9304.T,2015.0,27.0,1.358148893360161,-4.547607768829939,186100,3.749915,0
2026-10-09 13:41:43,9305.T,2047.0,33.0,1.638530287984111,1.5880893300248138,85200,1.744044,0
2026-10-09 13:41:44,9306.T,1995.0,4.0,0.20090406830738325,-0.4987531172069825,2000,0.0399,0
2026-10-09 13:41:44,9310.T,1376.0,21.0,1.5498154981549817,-1.4326647564469914,84200,1.158592,0
2026-10-09 13:41:45,9312.T,3145.0,-15.0,-0.4746835443037975,4.833333333333333,9500,0.298775,0
2026-10-09 13:41:45,9319.T,1661.0,-6.0,-0.3599280143971206,-4.813753581661891,18900,0.313929,0
2026-10-09 13:41:46,9324.T,2570.0,1.0,0.038925652004671074,-1.3435700575815739,57200,1.47004,0
2026-10-09 13:41:46,9364.T,4717.0,40.0,0.8552490912978405,-0.6319780914261639,275700,13.004769,0
2026-10-09 13:41:46,9368.T,915.0,5.0,0.5494505494505495,-1.6129032258064515,14700,0.134505,0
2026-10-09 13:41:50,9375.T,0.0,0.0,0.0,0.0,0,0.0,0
2026-10-09 13:41:51,9380.T,451.0,2.0,0.4454342984409799,0.8948545861297539,4300,0.019393,0
2026-10-09 13:41:55,9384.T,0.0,0.0,0.0,0.0,0,0.0,0
2026-10-09 13:41:56,9401.T,5980.0,79.0,1.3387561430266057,2.7844620144379513,294900,17.63502,0
2026-10-09 13:41:56,9404.T,2843.0,44.5,1.5901375737001966,0.7798652959943283,892200,25.365246,0
2026-10-09 13:41:56,9409.T,2995.0,23.0,0.7738896366083445,0.3014065639651708,259900,7.784005,0
2026-10-09 13:41:57,9412.T,1849.0,-30.0,-1.5965939329430547,-7.642357642357641,1699500,31.423755,0
2026-10-09 13:42:01,9422.T,0.0,0.0,0.0,0.0,0,0.0,0
2026-10-09 13:42:01,9432.T,172.89999389648438,0.79998779296875,0.46483891028311125,1.5267121539254287,152027700,262.85588402096556,0
2026-10-09 13:42:02,9433.T,2893.0,-12.0,-0.4130808950086058,-1.2964858410098943,9721700,281.248781,0
2026-10-09 13:42:02,9434.T,242.0,0.6999969482421875,0.2900940486486613,0.49833759677497136,69854400,169.047648,0
2026-10-09 13:42:02,9435.T,37080.0,760.0,2.092511013215859,1.9801980198019802,111100,41.19588,0
2026-10-09 13:42:03,9468.T,3677.0,45.0,1.2389867841409692,-3.1348788198103263,250700,9.218239,0
2026-10-09 13:42:03,9474.T,896.0,8.0,0.9009009009009009,-0.9944751381215469,123100,1.102976,0
2026-10-09 13:42:03,9501.T,520.7999877929688,6.20001220703125,1.2048217064083122,0.4435849166767117,26781300,139.47700713079834,0
2026-10-09 13:42:04,9502.T,2668.5,28.0,1.060405226282901,0.7932011331444759,3159200,84.303252,0
2026-10-09 13:42:04,9503.T,2650.0,5.5,0.20797882397428627,-0.8604564160119716,2793700,74.03305,0
2026-10-09 13:42:05,9504.T,1010.5,16.0999755859375,1.6190642790283725,-0.2960039467192896,1681500,16.9915575,0
2026-10-09 13:42:05,9506.T,1278.5,15.5,1.227236737925574,0.9873617693522907,3135300,40.0848105,0
2026-10-09 13:42:05,9508.T,1923.0,-36.0,-1.8376722817764166,-3.5364936042136947,1699600,32.683308,0
2026-10-09 13:42:06,9513.T,3949.0,12.0,0.3048006096012192,-1.9856043683296103,716700,28.302483,0
2026-10-09 13:42:06,9531.T,5954.0,55.0,0.9323614171893542,-2.553191489361702,908200,54.074228,0
2026-10-09 13:42:06,9532.T,5554.0,33.0,0.5977178047455172,-2.4929775280898876,901200,50.052648,0
2026-10-09 13:42:07,9533.T,1196.5,0.5,0.04180602006688963,-2.7631044290938642,486300,5.8185795,0
2026-10-09 13:42:07,9602.T,1554.5,12.5,0.8106355382619975,-0.8293460925039872,2801200,43.544654,0
2026-10-09 13:42:08,9605.T,5810.0,40.0,0.6932409012131715,-1.8581081081081081,70200,4.07862,0
2026-10-09 13:42:12,9613.T,0.0,0.0,0.0,0.0,0,0.0,0
2026-10-09 13:42:13,9616.T,3279.0,68.0,2.117720336343818,0.1527183872938302,909800,29.832342,0
2026-10-09 13:42:13,9627.T,5423.0,3.0,0.055350553505535055,1.2698412698412698,98900,5.363347,0
2026-10-09 13:42:13,9678.T,5260.0,20.0,0.38167938931297707,-2.0484171322160147,83700,4.40262,0
2026-10-09 13:42:17,9681.T,0.0,0.0,0.0,0.0,0,0.0,0
2026-10-09 13:42:18,9697.T,4393.0,93.0,2.1627906976744184,0.7799954117916954,2936200,128.987266,0
2026-10-09 13:42:22,9719.T,0.0,0.0,0.0,0.0,0,0.0,0
2026-10-09 13:42:22,9726.T,2034.0,15.0,0.7429420505200593,0.9429280397022334,31800,0.646812,0
2026-10-09 13:42:23,9735.T,6368.0,45.0,0.7116874901154515,1.3044861597200128,1427500,90.9032,0
2026-10-09 13:42:23,9743.T,1390.0,21.0,1.5339663988312637,-1.0676156583629894,303500,4.21865,0
2026-10-09 13:42:24,9766.T,23120.0,790.0,3.5378414688759516,4.426377597109305,760100,175.73512,0
2026-10-09 13:42:29,9783.T,0.0,0.0,0.0,0.0,0,0.0,0
2026-10-09 13:42:34,9810.T,0.0,0.0,0.0,0.0,0,0.0,0
2026-10-09 13:42:34,9832.T,1497.0,-4.0,-0.2664890073284477,-3.481624758220503,367600,5.502972,0
2026-10-09 13:42:34,9843.T,3176.0,60.0,1.9255455712451863,7.5516423975618014,3011500,95.64524,0
2026-10-09 13:42:35,9887.T,5180.0,90.0,1.768172888015717,0.5825242718446602,64400,3.33592,0
2026-10-09 13:42:35,9896.T,1334.0,21.0,1.5993907083015995,-3.68231046931408,31600,0.421544,0
2026-10-09 13:42:35,9900.T,1062.0,31.0,3.0067895247332688,-2.2999080036798527,181600,1.928592,0
2026-10-09 13:42:36,9902.T,3225.0,55.0,1.7350157728706623,0.62402496099844,38600,1.24485,0
2026-10-09 13:42:36,9934.T,3072.0,5.0,0.16302575806977504,-2.1344377190187958,236900,7.277568,0
2026-10-09 13:42:37,9956.T,1558.0,15.0,0.9721322099805573,-4.534313725490196,356300,5.551154,0
2026-10-09 13:42:37,9974.T,6140.0,-340.0,-5.246913580246913,-7.110438729198185,185400,11.38356,0
2026-10-09 13:42:37,9983.T,71780.0,-3020.0,-4.037433155080214,-1.3333333333333335,2126700,1526.54526,0
2026-10-09 13:42:38,9984.T,5803.0,-237.0,-3.9238410596026494,-13.400984927622742,72262300,4193.381269,0
2026-10-09 13:42:38,9989.T,3530.0,-29.0,-0.8148356279853891,-1.2034704729918835,723000,25.5219,0
2026-10-09 13:42:38,9997.T,1015.0,2.0,0.19743336623889435,-4.51552210724365,162600,1.65039,0
